"train/global_step","steptr_genearl - _step","steptr_genearl - _step__MIN","steptr_genearl - _step__MAX","steptr_genearl - train/reward","steptr_genearl - train/reward__MIN","steptr_genearl - train/reward__MAX"
"1","0","0","0","1.9624999165534973","1.9624999165534973","1.9624999165534973"
"2","1","1","1","1.1944444179534912","1.1944444179534912","1.1944444179534912"
"3","2","2","2","1.8424999117851257","1.8424999117851257","1.8424999117851257"
"4","3","3","3","1.3328125476837158","1.3328125476837158","1.3328125476837158"
"5","4","4","4","1.334375023841858","1.334375023841858","1.334375023841858"
"6","5","5","5","1.4361110925674438","1.4361110925674438","1.4361110925674438"
"7","6","6","6","1.4572595953941345","1.4572595953941345","1.4572595953941345"
"8","7","7","7","1.1601062417030334","1.1601062417030334","1.1601062417030334"
"9","8","8","8","1.4358333349227905","1.4358333349227905","1.4358333349227905"
"10","9","9","9","1.8385416865348816","1.8385416865348816","1.8385416865348816"
"11","10","10","10","1.1897008419036865","1.1897008419036865","1.1897008419036865"
"12","11","11","11","1.0834195613861084","1.0834195613861084","1.0834195613861084"
"13","12","12","12","1.084558129310608","1.084558129310608","1.084558129310608"
"14","13","13","13","1.8923076391220093","1.8923076391220093","1.8923076391220093"
"15","14","14","14","1.5367361307144165","1.5367361307144165","1.5367361307144165"
"16","15","15","15","1.546388864517212","1.546388864517212","1.546388864517212"
"17","16","16","16","1.298030525445938","1.298030525445938","1.298030525445938"
"18","17","17","17","1.5214637517929077","1.5214637517929077","1.5214637517929077"
"19","18","18","18","1.4545139074325562","1.4545139074325562","1.4545139074325562"
"20","19","19","19","1.9683331847190857","1.9683331847190857","1.9683331847190857"
"21","20","20","20","1.535119116306305","1.535119116306305","1.535119116306305"
"22","21","21","21","1.5462574362754822","1.5462574362754822","1.5462574362754822"
"23","22","22","22","1.0952025651931763","1.0952025651931763","1.0952025651931763"
"24","23","23","23","1.1537752747535706","1.1537752747535706","1.1537752747535706"
"25","24","24","24","1.6982142329216003","1.6982142329216003","1.6982142329216003"
"26","25","25","25","1.6086329221725464","1.6086329221725464","1.6086329221725464"
"27","26","26","26","1.2806547284126282","1.2806547284126282","1.2806547284126282"
"28","27","27","27","1.5203863382339478","1.5203863382339478","1.5203863382339478"
"29","28","28","28","1.6421473622322083","1.6421473622322083","1.6421473622322083"
"30","29","29","29","1.4452272355556488","1.4452272355556488","1.4452272355556488"
"31","30","30","30","1.5774999260902405","1.5774999260902405","1.5774999260902405"
"32","31","31","31","1.5873610377311707","1.5873610377311707","1.5873610377311707"
"33","32","32","32","1.590403974056244","1.590403974056244","1.590403974056244"
"34","33","33","33","1.5374999642372131","1.5374999642372131","1.5374999642372131"
"35","34","34","34","1.2910714149475098","1.2910714149475098","1.2910714149475098"
"36","35","35","35","1.2184595465660095","1.2184595465660095","1.2184595465660095"
"37","36","36","36","0.7767490148544312","0.7767490148544312","0.7767490148544312"
"38","37","37","37","1.442187488079071","1.442187488079071","1.442187488079071"
"39","38","38","38","1.58303564786911","1.58303564786911","1.58303564786911"
"40","39","39","39","1.6871875524520874","1.6871875524520874","1.6871875524520874"
"41","40","40","40","1.3001068234443665","1.3001068234443665","1.3001068234443665"
"42","41","41","41","1.0541666150093079","1.0541666150093079","1.0541666150093079"
"43","42","42","42","1.5795140266418457","1.5795140266418457","1.5795140266418457"
"44","43","43","43","0.7728618383407593","0.7728618383407593","0.7728618383407593"
"45","44","44","44","1.9633333086967468","1.9633333086967468","1.9633333086967468"
"46","45","45","45","1.8450396060943604","1.8450396060943604","1.8450396060943604"
"47","46","46","46","1.5583332777023315","1.5583332777023315","1.5583332777023315"
"48","47","47","47","1.4983333349227905","1.4983333349227905","1.4983333349227905"
"49","48","48","48","2.087499976158142","2.087499976158142","2.087499976158142"
"50","49","49","49","1.4354166984558105","1.4354166984558105","1.4354166984558105"
"51","50","50","50","1.57916659116745","1.57916659116745","1.57916659116745"
"52","51","51","51","1.8424999117851257","1.8424999117851257","1.8424999117851257"
"53","52","52","52","1.1897727251052856","1.1897727251052856","1.1897727251052856"
"54","53","53","53","0.9707413911819458","0.9707413911819458","0.9707413911819458"
"55","54","54","54","1.2138705253601074","1.2138705253601074","1.2138705253601074"
"56","55","55","55","1.2946078181266785","1.2946078181266785","1.2946078181266785"
"57","56","56","56","1.7149999141693115","1.7149999141693115","1.7149999141693115"
"58","57","57","57","1.2965368032455444","1.2965368032455444","1.2965368032455444"
"59","58","58","58","2.005685567855835","2.005685567855835","2.005685567855835"
"60","59","59","59","1.4809615015983582","1.4809615015983582","1.4809615015983582"
"61","60","60","60","1.2071428298950195","1.2071428298950195","1.2071428298950195"
"62","61","61","61","1.441666603088379","1.441666603088379","1.441666603088379"
"63","62","62","62","1.4501922726631165","1.4501922726631165","1.4501922726631165"
"64","63","63","63","1.584375023841858","1.584375023841858","1.584375023841858"
"65","64","64","64","1.682386338710785","1.682386338710785","1.682386338710785"
"66","65","65","65","1.571617603302002","1.571617603302002","1.571617603302002"
"67","66","66","66","1.456250011920929","1.456250011920929","1.456250011920929"
"68","67","67","67","1.682440459728241","1.682440459728241","1.682440459728241"
"69","68","68","68","1.4583333730697632","1.4583333730697632","1.4583333730697632"
"70","69","69","69","1.4555555582046509","1.4555555582046509","1.4555555582046509"
"71","70","70","70","1.7875590324401855","1.7875590324401855","1.7875590324401855"
"72","71","71","71","1.7045453786849976","1.7045453786849976","1.7045453786849976"
"73","72","72","72","1.6106250286102295","1.6106250286102295","1.6106250286102295"
"74","73","73","73","1.3189285397529602","1.3189285397529602","1.3189285397529602"
"75","74","74","74","1.4539583921432495","1.4539583921432495","1.4539583921432495"
"76","75","75","75","1.7162500023841858","1.7162500023841858","1.7162500023841858"
"77","76","76","76","1.3571428060531616","1.3571428060531616","1.3571428060531616"
"78","77","77","77","1.6922573447227478","1.6922573447227478","1.6922573447227478"
"79","78","78","78","1.4978470206260681","1.4978470206260681","1.4978470206260681"
"80","79","79","79","1.583854079246521","1.583854079246521","1.583854079246521"
"81","80","80","80","1.5874999165534973","1.5874999165534973","1.5874999165534973"
"82","81","81","81","1.7358762621879578","1.7358762621879578","1.7358762621879578"
"83","82","82","82","1.8129166960716248","1.8129166960716248","1.8129166960716248"
"84","83","83","83","1.36089289188385","1.36089289188385","1.36089289188385"
"85","84","84","84","1.5580556392669678","1.5580556392669678","1.5580556392669678"
"86","85","85","85","1.3676875829696655","1.3676875829696655","1.3676875829696655"
"87","86","86","86","1.4168803095817566","1.4168803095817566","1.4168803095817566"
"88","87","87","87","1.5931249856948853","1.5931249856948853","1.5931249856948853"
"89","88","88","88","1.569711446762085","1.569711446762085","1.569711446762085"
"90","89","89","89","1.6958333253860474","1.6958333253860474","1.6958333253860474"
"91","90","90","90","1.7627862691879272","1.7627862691879272","1.7627862691879272"
"92","91","91","91","1.4152235388755798","1.4152235388755798","1.4152235388755798"
"93","92","92","92","1.840624988079071","1.840624988079071","1.840624988079071"
"94","93","93","93","1.3148295879364014","1.3148295879364014","1.3148295879364014"
"95","94","94","94","1.6972222328186035","1.6972222328186035","1.6972222328186035"
"96","95","95","95","1.4312193393707275","1.4312193393707275","1.4312193393707275"
"97","96","96","96","1.5549999475479126","1.5549999475479126","1.5549999475479126"
"98","97","97","97","1.5182108879089355","1.5182108879089355","1.5182108879089355"
"99","98","98","98","1.1733333468437195","1.1733333468437195","1.1733333468437195"
"100","99","99","99","1.9333332180976868","1.9333332180976868","1.9333332180976868"
"101","100","100","100","1.93833327293396","1.93833327293396","1.93833327293396"
"102","101","101","101","1.0885416269302368","1.0885416269302368","1.0885416269302368"
"103","102","102","102","1.291489601135254","1.291489601135254","1.291489601135254"
"104","103","103","103","1.7649999260902405","1.7649999260902405","1.7649999260902405"
"105","104","104","104","1.6419642567634583","1.6419642567634583","1.6419642567634583"
"106","105","105","105","1.5666666626930237","1.5666666626930237","1.5666666626930237"
"107","106","106","106","1.5514286160469055","1.5514286160469055","1.5514286160469055"
"108","107","107","107","1.581071376800537","1.581071376800537","1.581071376800537"
"109","108","108","108","1.1824150085449219","1.1824150085449219","1.1824150085449219"
"110","109","109","109","1.5116468667984009","1.5116468667984009","1.5116468667984009"
"111","110","110","110","1.1947916746139526","1.1947916746139526","1.1947916746139526"
"112","111","111","111","1.5746428966522217","1.5746428966522217","1.5746428966522217"
"113","112","112","112","1.965624988079071","1.965624988079071","1.965624988079071"
"114","113","113","113","1.4533294439315796","1.4533294439315796","1.4533294439315796"
"115","114","114","114","1.4587499499320984","1.4587499499320984","1.4587499499320984"
"116","115","115","115","1.1276068091392517","1.1276068091392517","1.1276068091392517"
"117","116","116","116","1.9421875476837158","1.9421875476837158","1.9421875476837158"
"118","117","117","117","1.5821427702903748","1.5821427702903748","1.5821427702903748"
"119","118","118","118","1.439880907535553","1.439880907535553","1.439880907535553"
"120","119","119","119","1.4472221732139587","1.4472221732139587","1.4472221732139587"
"121","120","120","120","1.820535659790039","1.820535659790039","1.820535659790039"
"122","121","121","121","1.1382197141647339","1.1382197141647339","1.1382197141647339"
"123","122","122","122","1.7027778029441833","1.7027778029441833","1.7027778029441833"
"124","123","123","123","1.0862069129943848","1.0862069129943848","1.0862069129943848"
"125","124","124","124","0.9704509973526001","0.9704509973526001","0.9704509973526001"
"126","125","125","125","1.7888299226760864","1.7888299226760864","1.7888299226760864"
"127","126","126","126","1.5765150785446167","1.5765150785446167","1.5765150785446167"
"128","127","127","127","1.712499976158142","1.712499976158142","1.712499976158142"
"129","128","128","128","1.2494840621948242","1.2494840621948242","1.2494840621948242"
"130","129","129","129","1.3333333730697632","1.3333333730697632","1.3333333730697632"
"131","130","130","130","1.5851190090179443","1.5851190090179443","1.5851190090179443"
"132","131","131","131","1.556685984134674","1.556685984134674","1.556685984134674"
"133","132","132","132","1.2174930572509766","1.2174930572509766","1.2174930572509766"
"134","133","133","133","1.82321435213089","1.82321435213089","1.82321435213089"
"135","134","134","134","1.545441746711731","1.545441746711731","1.545441746711731"
"136","135","135","135","1.57442307472229","1.57442307472229","1.57442307472229"
"137","136","136","136","1.6999999284744263","1.6999999284744263","1.6999999284744263"
"138","137","137","137","1.5712499618530273","1.5712499618530273","1.5712499618530273"
"139","138","138","138","1.2181772589683533","1.2181772589683533","1.2181772589683533"
"140","139","139","139","1.3393181562423706","1.3393181562423706","1.3393181562423706"
"141","140","140","140","1.9612499475479126","1.9612499475479126","1.9612499475479126"
"142","141","141","141","1.5339115262031555","1.5339115262031555","1.5339115262031555"
"143","142","142","142","1.5788825750350952","1.5788825750350952","1.5788825750350952"
"144","143","143","143","1.0651785731315613","1.0651785731315613","1.0651785731315613"
"145","144","144","144","1.327298879623413","1.327298879623413","1.327298879623413"
"146","145","145","145","1.691607117652893","1.691607117652893","1.691607117652893"
"147","146","146","146","1.5999999642372131","1.5999999642372131","1.5999999642372131"
"148","147","147","147","1.7093750834465027","1.7093750834465027","1.7093750834465027"
"149","148","148","148","1.8092377185821533","1.8092377185821533","1.8092377185821533"
"150","149","149","149","1.6845833659172058","1.6845833659172058","1.6845833659172058"
"151","150","150","150","1.705208420753479","1.705208420753479","1.705208420753479"
"152","151","151","151","1.5489583015441895","1.5489583015441895","1.5489583015441895"
"153","152","152","152","1.6020443439483643","1.6020443439483643","1.6020443439483643"
"154","153","153","153","2.090625047683716","2.090625047683716","2.090625047683716"
"155","154","154","154","1.3183332681655884","1.3183332681655884","1.3183332681655884"
"156","155","155","155","1.8311364650726318","1.8311364650726318","1.8311364650726318"
"157","156","156","156","1.7792449593544006","1.7792449593544006","1.7792449593544006"
"158","157","157","157","1.6172065138816833","1.6172065138816833","1.6172065138816833"
"159","158","158","158","1.7027776837348938","1.7027776837348938","1.7027776837348938"
"160","159","159","159","1.0585317611694336","1.0585317611694336","1.0585317611694336"
"161","160","160","160","1.3544515371322632","1.3544515371322632","1.3544515371322632"
"162","161","161","161","1.3216741681098938","1.3216741681098938","1.3216741681098938"
"163","162","162","162","1.830555498600006","1.830555498600006","1.830555498600006"
"164","163","163","163","1.7174999713897705","1.7174999713897705","1.7174999713897705"
"165","164","164","164","1.5212499499320984","1.5212499499320984","1.5212499499320984"
"166","165","165","165","1.7847766876220703","1.7847766876220703","1.7847766876220703"
"167","166","166","166","1.712499976158142","1.712499976158142","1.712499976158142"
"168","167","167","167","2.09375","2.09375","2.09375"
"169","168","168","168","1.8130207061767578","1.8130207061767578","1.8130207061767578"
"170","169","169","169","1.2258001565933228","1.2258001565933228","1.2258001565933228"
"171","170","170","170","1.6954192519187927","1.6954192519187927","1.6954192519187927"
"172","171","171","171","1.8333332538604736","1.8333332538604736","1.8333332538604736"
"173","172","172","172","1.9609373807907104","1.9609373807907104","1.9609373807907104"
"174","173","173","173","1.5736111402511597","1.5736111402511597","1.5736111402511597"
"175","174","174","174","1.3792837858200073","1.3792837858200073","1.3792837858200073"
"176","175","175","175","1.4384469985961914","1.4384469985961914","1.4384469985961914"
"177","176","176","176","1.3317186832427979","1.3317186832427979","1.3317186832427979"
"178","177","177","177","1.9710317850112915","1.9710317850112915","1.9710317850112915"
"179","178","178","178","1.5517415404319763","1.5517415404319763","1.5517415404319763"
"180","179","179","179","1.090000033378601","1.090000033378601","1.090000033378601"
"181","180","180","180","1.4285714030265808","1.4285714030265808","1.4285714030265808"
"182","181","181","181","1.5653875470161438","1.5653875470161438","1.5653875470161438"
"183","182","182","182","1.6442307233810425","1.6442307233810425","1.6442307233810425"
"184","183","183","183","1.4549999237060547","1.4549999237060547","1.4549999237060547"
"185","184","184","184","1.2491968274116516","1.2491968274116516","1.2491968274116516"
"186","185","185","185","1.5625","1.5625","1.5625"
"187","186","186","186","1.562956690788269","1.562956690788269","1.562956690788269"
"188","187","187","187","1.1569011807441711","1.1569011807441711","1.1569011807441711"
"189","188","188","188","1.5664880871772766","1.5664880871772766","1.5664880871772766"
"190","189","189","189","1.3619507551193237","1.3619507551193237","1.3619507551193237"
"191","190","190","190","1.4355769753456116","1.4355769753456116","1.4355769753456116"
"192","191","191","191","2.0874998569488525","2.0874998569488525","2.0874998569488525"
"193","192","192","192","1.5845237970352173","1.5845237970352173","1.5845237970352173"
"194","193","193","193","1.8344624042510986","1.8344624042510986","1.8344624042510986"
"195","194","194","194","1.0668269395828247","1.0668269395828247","1.0668269395828247"
"196","195","195","195","1.522729218006134","1.522729218006134","1.522729218006134"
"197","196","196","196","1.587499976158142","1.587499976158142","1.587499976158142"
"198","197","197","197","1.9826613664627075","1.9826613664627075","1.9826613664627075"
"199","198","198","198","1.7138888835906982","1.7138888835906982","1.7138888835906982"
"200","199","199","199","1.5895832777023315","1.5895832777023315","1.5895832777023315"
"201","200","200","200","1.2972290515899658","1.2972290515899658","1.2972290515899658"
"202","201","201","201","1.9428846836090088","1.9428846836090088","1.9428846836090088"
"203","202","202","202","2.0754165649414062","2.0754165649414062","2.0754165649414062"
"204","203","203","203","1.8240033984184265","1.8240033984184265","1.8240033984184265"
"205","204","204","204","1.9578571319580078","1.9578571319580078","1.9578571319580078"
"206","205","205","205","1.2369949221611023","1.2369949221611023","1.2369949221611023"
"207","206","206","206","1.0799317061901093","1.0799317061901093","1.0799317061901093"
"208","207","207","207","1.7340277433395386","1.7340277433395386","1.7340277433395386"
"209","208","208","208","1.5744961500167847","1.5744961500167847","1.5744961500167847"
"210","209","209","209","1.635608196258545","1.635608196258545","1.635608196258545"
"211","210","210","210","1.4536057710647583","1.4536057710647583","1.4536057710647583"
"212","211","211","211","1.6511638164520264","1.6511638164520264","1.6511638164520264"
"213","212","212","212","1.707113802433014","1.707113802433014","1.707113802433014"
"214","213","213","213","1.1700000166893005","1.1700000166893005","1.1700000166893005"
"215","214","214","214","1.7705686688423157","1.7705686688423157","1.7705686688423157"
"216","215","215","215","1.3216227889060974","1.3216227889060974","1.3216227889060974"
"217","216","216","216","1.7098076939582825","1.7098076939582825","1.7098076939582825"
"218","217","217","217","1.819861114025116","1.819861114025116","1.819861114025116"
"219","218","218","218","1.8460226655006409","1.8460226655006409","1.8460226655006409"
"220","219","219","219","1.5444010496139526","1.5444010496139526","1.5444010496139526"
"221","220","220","220","1.2761170268058777","1.2761170268058777","1.2761170268058777"
"222","221","221","221","2.0858333110809326","2.0858333110809326","2.0858333110809326"
"223","222","222","222","1.588194489479065","1.588194489479065","1.588194489479065"
"224","223","223","223","2.09499990940094","2.09499990940094","2.09499990940094"
"225","224","224","224","1.5799999833106995","1.5799999833106995","1.5799999833106995"
"226","225","225","225","1.571666657924652","1.571666657924652","1.571666657924652"
"227","226","226","226","1.5014356970787048","1.5014356970787048","1.5014356970787048"
"228","227","227","227","1.5059980750083923","1.5059980750083923","1.5059980750083923"
"229","228","228","228","1.9641665816307068","1.9641665816307068","1.9641665816307068"
"230","229","229","229","2.09375","2.09375","2.09375"
"231","230","230","230","1.4451656341552734","1.4451656341552734","1.4451656341552734"
"232","231","231","231","1.4679415822029114","1.4679415822029114","1.4679415822029114"
"233","232","232","232","1.9734374284744263","1.9734374284744263","1.9734374284744263"
"234","233","233","233","1.4560763239860535","1.4560763239860535","1.4560763239860535"
"235","234","234","234","1.4214181900024414","1.4214181900024414","1.4214181900024414"
"236","235","235","235","1.3340976238250732","1.3340976238250732","1.3340976238250732"
"237","236","236","236","1.2030709981918335","1.2030709981918335","1.2030709981918335"
"238","237","237","237","1.2965900301933289","1.2965900301933289","1.2965900301933289"
"239","238","238","238","1.5348397493362427","1.5348397493362427","1.5348397493362427"
"240","239","239","239","1.7053570747375488","1.7053570747375488","1.7053570747375488"
"241","240","240","240","1.4339371919631958","1.4339371919631958","1.4339371919631958"
"242","241","241","241","1.7014493942260742","1.7014493942260742","1.7014493942260742"
"243","242","242","242","1.3083333373069763","1.3083333373069763","1.3083333373069763"
"244","243","243","243","1.2975000143051147","1.2975000143051147","1.2975000143051147"
"245","244","244","244","1.4921466708183289","1.4921466708183289","1.4921466708183289"
"246","245","245","245","1.9681817293167114","1.9681817293167114","1.9681817293167114"
"247","246","246","246","1.8468939065933228","1.8468939065933228","1.8468939065933228"
"248","247","247","247","1.3056130409240723","1.3056130409240723","1.3056130409240723"
"249","248","248","248","1.691233515739441","1.691233515739441","1.691233515739441"
"250","249","249","249","1.1032143235206604","1.1032143235206604","1.1032143235206604"
"251","250","250","250","1.073325276374817","1.073325276374817","1.073325276374817"
"252","251","251","251","1.9823660254478455","1.9823660254478455","1.9823660254478455"
"253","252","252","252","2.075378656387329","2.075378656387329","2.075378656387329"
"254","253","253","253","1.5823076367378235","1.5823076367378235","1.5823076367378235"
"255","254","254","254","1.9603174924850464","1.9603174924850464","1.9603174924850464"
"256","255","255","255","1.2097222805023193","1.2097222805023193","1.2097222805023193"
"257","256","256","256","1.3458333015441895","1.3458333015441895","1.3458333015441895"
"258","257","257","257","1.780276358127594","1.780276358127594","1.780276358127594"
"259","258","258","258","1.6757608652114868","1.6757608652114868","1.6757608652114868"
"260","259","259","259","1.9021102786064148","1.9021102786064148","1.9021102786064148"
"261","260","260","260","1.8354166150093079","1.8354166150093079","1.8354166150093079"
"262","261","261","261","1.9668749570846558","1.9668749570846558","1.9668749570846558"
"263","262","262","262","1.3489067554473877","1.3489067554473877","1.3489067554473877"
"264","263","263","263","1.714285671710968","1.714285671710968","1.714285671710968"
"265","264","264","264","1.6814135909080505","1.6814135909080505","1.6814135909080505"
"266","265","265","265","1.6390150785446167","1.6390150785446167","1.6390150785446167"
"267","266","266","266","1.4155365228652954","1.4155365228652954","1.4155365228652954"
"268","267","267","267","1.6806249618530273","1.6806249618530273","1.6806249618530273"
"269","268","268","268","1.3305555582046509","1.3305555582046509","1.3305555582046509"
"270","269","269","269","1.8199999332427979","1.8199999332427979","1.8199999332427979"
"271","270","270","270","1.5749999284744263","1.5749999284744263","1.5749999284744263"
"272","271","271","271","1.5606250166893005","1.5606250166893005","1.5606250166893005"
"273","272","272","272","2.0656306743621826","2.0656306743621826","2.0656306743621826"
"274","273","273","273","1.2986607551574707","1.2986607551574707","1.2986607551574707"
"275","274","274","274","1.5327564477920532","1.5327564477920532","1.5327564477920532"
"276","275","275","275","1.9393245577812195","1.9393245577812195","1.9393245577812195"
"277","276","276","276","2.0999999046325684","2.0999999046325684","2.0999999046325684"
"278","277","277","277","1.9572917222976685","1.9572917222976685","1.9572917222976685"
"279","278","278","278","1.5422618985176086","1.5422618985176086","1.5422618985176086"
"280","279","279","279","1.686547577381134","1.686547577381134","1.686547577381134"
"281","280","280","280","1.5498647093772888","1.5498647093772888","1.5498647093772888"
"282","281","281","281","1.7031249403953552","1.7031249403953552","1.7031249403953552"
"283","282","282","282","1.7593016028404236","1.7593016028404236","1.7593016028404236"
"284","283","283","283","1.4494966268539429","1.4494966268539429","1.4494966268539429"
"285","284","284","284","1.4468750357627869","1.4468750357627869","1.4468750357627869"
"286","285","285","285","1.743177890777588","1.743177890777588","1.743177890777588"
"287","286","286","286","1.762704610824585","1.762704610824585","1.762704610824585"
"288","287","287","287","2.0988636016845703","2.0988636016845703","2.0988636016845703"
"289","288","288","288","1.7958333492279053","1.7958333492279053","1.7958333492279053"
"290","289","289","289","2.0843749046325684","2.0843749046325684","2.0843749046325684"
"291","290","290","290","1.462499976158142","1.462499976158142","1.462499976158142"
"292","291","291","291","1.5555225610733032","1.5555225610733032","1.5555225610733032"
"293","292","292","292","1.5972221493721008","1.5972221493721008","1.5972221493721008"
"294","293","293","293","1.6464501023292542","1.6464501023292542","1.6464501023292542"
"295","294","294","294","1.8437499403953552","1.8437499403953552","1.8437499403953552"
"296","295","295","295","1.7119791507720947","1.7119791507720947","1.7119791507720947"
"297","296","296","296","1.4328525066375732","1.4328525066375732","1.4328525066375732"
"298","297","297","297","1.940984845161438","1.940984845161438","1.940984845161438"
"299","298","298","298","1.4288690686225891","1.4288690686225891","1.4288690686225891"
"300","299","299","299","1.061041682958603","1.061041682958603","1.061041682958603"
"301","300","300","300","1.7470238208770752","1.7470238208770752","1.7470238208770752"
"302","301","301","301","1.199404776096344","1.199404776096344","1.199404776096344"
"303","302","302","302","1.482490062713623","1.482490062713623","1.482490062713623"
"304","303","303","303","1.57916659116745","1.57916659116745","1.57916659116745"
"305","304","304","304","1.2392123341560364","1.2392123341560364","1.2392123341560364"
"306","305","305","305","1.3333333134651184","1.3333333134651184","1.3333333134651184"
"307","306","306","306","1.455699384212494","1.455699384212494","1.455699384212494"
"308","307","307","307","1.6999999284744263","1.6999999284744263","1.6999999284744263"
"309","308","308","308","1.712499976158142","1.712499976158142","1.712499976158142"
"310","309","309","309","1.9587119817733765","1.9587119817733765","1.9587119817733765"
"311","310","310","310","1.3403174877166748","1.3403174877166748","1.3403174877166748"
"312","311","311","311","1.4516665935516357","1.4516665935516357","1.4516665935516357"
"313","312","312","312","1.7194443941116333","1.7194443941116333","1.7194443941116333"
"314","313","313","313","1.4512499570846558","1.4512499570846558","1.4512499570846558"
"315","314","314","314","1.560937523841858","1.560937523841858","1.560937523841858"
"316","315","315","315","2.0710713863372803","2.0710713863372803","2.0710713863372803"
"317","316","316","316","1.6171519756317139","1.6171519756317139","1.6171519756317139"
"318","317","317","317","1.7131975889205933","1.7131975889205933","1.7131975889205933"
"319","318","318","318","1.5996527671813965","1.5996527671813965","1.5996527671813965"
"320","319","319","319","1.559210479259491","1.559210479259491","1.559210479259491"
"321","320","320","320","1.7090624570846558","1.7090624570846558","1.7090624570846558"
"322","321","321","321","1.5827380418777466","1.5827380418777466","1.5827380418777466"
"323","322","322","322","1.3244658708572388","1.3244658708572388","1.3244658708572388"
"324","323","323","323","1.5795833468437195","1.5795833468437195","1.5795833468437195"
"325","324","324","324","1.4486111402511597","1.4486111402511597","1.4486111402511597"
"326","325","325","325","1.5305207967758179","1.5305207967758179","1.5305207967758179"
"327","326","326","326","1.5106250047683716","1.5106250047683716","1.5106250047683716"
"328","327","327","327","1.5119444131851196","1.5119444131851196","1.5119444131851196"
"329","328","328","328","1.5957142114639282","1.5957142114639282","1.5957142114639282"
"330","329","329","329","1.4410970211029053","1.4410970211029053","1.4410970211029053"
"331","330","330","330","1.1940240859985352","1.1940240859985352","1.1940240859985352"
"332","331","331","331","1.4524999856948853","1.4524999856948853","1.4524999856948853"
"333","332","332","332","1.8753554821014404","1.8753554821014404","1.8753554821014404"
"334","333","333","333","1.8145833015441895","1.8145833015441895","1.8145833015441895"
"335","334","334","334","1.9694443941116333","1.9694443941116333","1.9694443941116333"
"336","335","335","335","1.686904788017273","1.686904788017273","1.686904788017273"
"337","336","336","336","1.8223609924316406","1.8223609924316406","1.8223609924316406"
"338","337","337","337","1.712499976158142","1.712499976158142","1.712499976158142"
"339","338","338","338","1.558730125427246","1.558730125427246","1.558730125427246"
"340","339","339","339","1.9587500095367432","1.9587500095367432","1.9587500095367432"
"341","340","340","340","1.6912499070167542","1.6912499070167542","1.6912499070167542"
"342","341","341","341","1.8253472447395325","1.8253472447395325","1.8253472447395325"
"343","342","342","342","1.7719517350196838","1.7719517350196838","1.7719517350196838"
"344","343","343","343","1.4542510509490967","1.4542510509490967","1.4542510509490967"
"345","344","344","344","1.5781251192092896","1.5781251192092896","1.5781251192092896"
"346","345","345","345","1.323269248008728","1.323269248008728","1.323269248008728"
"347","346","346","346","1.8087120652198792","1.8087120652198792","1.8087120652198792"
"348","347","347","347","1.5723927021026611","1.5723927021026611","1.5723927021026611"
"349","348","348","348","1.8299999237060547","1.8299999237060547","1.8299999237060547"
"350","349","349","349","1.4499999284744263","1.4499999284744263","1.4499999284744263"
"351","350","350","350","1.4553704261779785","1.4553704261779785","1.4553704261779785"
"352","351","351","351","1.7049999833106995","1.7049999833106995","1.7049999833106995"
"353","352","352","352","1.7049679160118103","1.7049679160118103","1.7049679160118103"
"354","353","353","353","1.2006250619888306","1.2006250619888306","1.2006250619888306"
"355","354","354","354","1.3366072177886963","1.3366072177886963","1.3366072177886963"
"356","355","355","355","1.0957832336425781","1.0957832336425781","1.0957832336425781"
"357","356","356","356","1.928751826286316","1.928751826286316","1.928751826286316"
"358","357","357","357","2.060416579246521","2.060416579246521","2.060416579246521"
"359","358","358","358","1.572499930858612","1.572499930858612","1.572499930858612"
"360","359","359","359","1.827272653579712","1.827272653579712","1.827272653579712"
"361","360","360","360","1.9720587730407715","1.9720587730407715","1.9720587730407715"
"362","361","361","361","1.5372034907341003","1.5372034907341003","1.5372034907341003"
"363","362","362","362","1.2958332896232605","1.2958332896232605","1.2958332896232605"
"364","363","363","363","1.594407856464386","1.594407856464386","1.594407856464386"
"365","364","364","364","1.7041666507720947","1.7041666507720947","1.7041666507720947"
"366","365","365","365","1.9801586866378784","1.9801586866378784","1.9801586866378784"
"367","366","366","366","1.934999942779541","1.934999942779541","1.934999942779541"
"368","367","367","367","1.9624999165534973","1.9624999165534973","1.9624999165534973"
"369","368","368","368","1.8424999117851257","1.8424999117851257","1.8424999117851257"
"370","369","369","369","1.5845914483070374","1.5845914483070374","1.5845914483070374"
"371","370","370","370","1.7005952596664429","1.7005952596664429","1.7005952596664429"
"372","371","371","371","1.5751343965530396","1.5751343965530396","1.5751343965530396"
"373","372","372","372","1.188822090625763","1.188822090625763","1.188822090625763"
"374","373","373","373","1.708560585975647","1.708560585975647","1.708560585975647"
"375","374","374","374","1.5635416507720947","1.5635416507720947","1.5635416507720947"
"376","375","375","375","1.5812499523162842","1.5812499523162842","1.5812499523162842"
"377","376","376","376","1.9404761791229248","1.9404761791229248","1.9404761791229248"
"378","377","377","377","1.5714074969291687","1.5714074969291687","1.5714074969291687"
"379","378","378","378","2.0747618675231934","2.0747618675231934","2.0747618675231934"
"380","379","379","379","1.5833333730697632","1.5833333730697632","1.5833333730697632"
"381","380","380","380","1.3621528148651123","1.3621528148651123","1.3621528148651123"
"382","381","381","381","1.9634836912155151","1.9634836912155151","1.9634836912155151"
"383","382","382","382","1.4479167461395264","1.4479167461395264","1.4479167461395264"
"384","383","383","383","1.215624988079071","1.215624988079071","1.215624988079071"
"385","384","384","384","1.5903845429420471","1.5903845429420471","1.5903845429420471"
"386","385","385","385","1.573409080505371","1.573409080505371","1.573409080505371"
"387","386","386","386","1.9505953192710876","1.9505953192710876","1.9505953192710876"
"388","387","387","387","1.7644668817520142","1.7644668817520142","1.7644668817520142"
"389","388","388","388","2.0799999237060547","2.0799999237060547","2.0799999237060547"
"390","389","389","389","1.7527148723602295","1.7527148723602295","1.7527148723602295"
"391","390","390","390","1.3307539224624634","1.3307539224624634","1.3307539224624634"
"392","391","391","391","1.8281250596046448","1.8281250596046448","1.8281250596046448"
"393","392","392","392","1.8354166150093079","1.8354166150093079","1.8354166150093079"
"394","393","393","393","1.6392045617103577","1.6392045617103577","1.6392045617103577"
"395","394","394","394","2.066666603088379","2.066666603088379","2.066666603088379"
"396","395","395","395","1.34375","1.34375","1.34375"
"397","396","396","396","1.1915178894996643","1.1915178894996643","1.1915178894996643"
"398","397","397","397","1.1909270584583282","1.1909270584583282","1.1909270584583282"
"399","398","398","398","1.9658332467079163","1.9658332467079163","1.9658332467079163"
"400","399","399","399","1.7083333134651184","1.7083333134651184","1.7083333134651184"
"401","400","400","400","1.4162545204162598","1.4162545204162598","1.4162545204162598"
"402","401","401","401","1.9688989520072937","1.9688989520072937","1.9688989520072937"
"403","402","402","402","1.696363627910614","1.696363627910614","1.696363627910614"
"404","403","403","403","1.2597271800041199","1.2597271800041199","1.2597271800041199"
"405","404","404","404","2.0924999713897705","2.0924999713897705","2.0924999713897705"
"406","405","405","405","1.3411931991577148","1.3411931991577148","1.3411931991577148"
"407","406","406","406","1.419036090373993","1.419036090373993","1.419036090373993"
"408","407","407","407","1.7039515376091003","1.7039515376091003","1.7039515376091003"
"409","408","408","408","1.8388888239860535","1.8388888239860535","1.8388888239860535"
"410","409","409","409","1.8458333015441895","1.8458333015441895","1.8458333015441895"
"411","410","410","410","1.6257267594337463","1.6257267594337463","1.6257267594337463"
"412","411","411","411","1.8455356359481812","1.8455356359481812","1.8455356359481812"
"413","412","412","412","1.4604411125183105","1.4604411125183105","1.4604411125183105"
"414","413","413","413","1.5531249642372131","1.5531249642372131","1.5531249642372131"
"415","414","414","414","1.4456980228424072","1.4456980228424072","1.4456980228424072"
"416","415","415","415","1.9724999070167542","1.9724999070167542","1.9724999070167542"
"417","416","416","416","1.9681944847106934","1.9681944847106934","1.9681944847106934"
"418","417","417","417","1.7638888955116272","1.7638888955116272","1.7638888955116272"
"419","418","418","418","1.823611080646515","1.823611080646515","1.823611080646515"
"420","419","419","419","1.9895832538604736","1.9895832538604736","1.9895832538604736"
"421","420","420","420","1.48618745803833","1.48618745803833","1.48618745803833"
"422","421","421","421","1.7780153155326843","1.7780153155326843","1.7780153155326843"
"423","422","422","422","1.5723484754562378","1.5723484754562378","1.5723484754562378"
"424","423","423","423","1.7906249165534973","1.7906249165534973","1.7906249165534973"
"425","424","424","424","1.6753605604171753","1.6753605604171753","1.6753605604171753"
"426","425","425","425","1.9446873664855957","1.9446873664855957","1.9446873664855957"
"427","426","426","426","1.3612226843833923","1.3612226843833923","1.3612226843833923"
"428","427","427","427","2.0928571224212646","2.0928571224212646","2.0928571224212646"
"429","428","428","428","1.828084409236908","1.828084409236908","1.828084409236908"
"430","429","429","429","2.0562500953674316","2.0562500953674316","2.0562500953674316"
"431","430","430","430","1.72688490152359","1.72688490152359","1.72688490152359"
"432","431","431","431","2.0712499618530273","2.0712499618530273","2.0712499618530273"
"433","432","432","432","1.21875","1.21875","1.21875"
"434","433","433","433","1.833376169204712","1.833376169204712","1.833376169204712"
"435","434","434","434","1.078819453716278","1.078819453716278","1.078819453716278"
"436","435","435","435","1.0889102816581726","1.0889102816581726","1.0889102816581726"
"437","436","436","436","2.0666667222976685","2.0666667222976685","2.0666667222976685"
"438","437","437","437","1.7022719383239746","1.7022719383239746","1.7022719383239746"
"439","438","438","438","1.8265872597694397","1.8265872597694397","1.8265872597694397"
"440","439","439","439","1.1880208253860474","1.1880208253860474","1.1880208253860474"
"441","440","440","440","1.711111068725586","1.711111068725586","1.711111068725586"
"442","441","441","441","1.6171201467514038","1.6171201467514038","1.6171201467514038"
"443","442","442","442","1.5750000476837158","1.5750000476837158","1.5750000476837158"
"444","443","443","443","1.96875","1.96875","1.96875"
"445","444","444","444","1.8221901059150696","1.8221901059150696","1.8221901059150696"
"446","445","445","445","1.6461225748062134","1.6461225748062134","1.6461225748062134"
"447","446","446","446","1.56035715341568","1.56035715341568","1.56035715341568"
"448","447","447","447","1.9736109972000122","1.9736109972000122","1.9736109972000122"
"449","448","448","448","1.588043451309204","1.588043451309204","1.588043451309204"
"450","449","449","449","1.5452122688293457","1.5452122688293457","1.5452122688293457"
"451","450","450","450","1.4555993676185608","1.4555993676185608","1.4555993676185608"
"452","451","451","451","1.59375","1.59375","1.59375"
"453","452","452","452","1.5591346621513367","1.5591346621513367","1.5591346621513367"
"454","453","453","453","1.3056817650794983","1.3056817650794983","1.3056817650794983"
"455","454","454","454","1.4942874908447266","1.4942874908447266","1.4942874908447266"
"456","455","455","455","1.0296574234962463","1.0296574234962463","1.0296574234962463"
"457","456","456","456","1.7520065903663635","1.7520065903663635","1.7520065903663635"
"458","457","457","457","1.619076430797577","1.619076430797577","1.619076430797577"
"459","458","458","458","1.6854165196418762","1.6854165196418762","1.6854165196418762"
"460","459","459","459","1.2347689270973206","1.2347689270973206","1.2347689270973206"
"461","460","460","460","2.0833332538604736","2.0833332538604736","2.0833332538604736"
"462","461","461","461","1.3402471542358398","1.3402471542358398","1.3402471542358398"
"463","462","462","462","1.5645833611488342","1.5645833611488342","1.5645833611488342"
"464","463","463","463","1.4446427822113037","1.4446427822113037","1.4446427822113037"
"465","464","464","464","1.3420454263687134","1.3420454263687134","1.3420454263687134"
"466","465","465","465","1.6888412237167358","1.6888412237167358","1.6888412237167358"
"467","466","466","466","1.5703124403953552","1.5703124403953552","1.5703124403953552"
"468","467","467","467","1.3798362016677856","1.3798362016677856","1.3798362016677856"
"469","468","468","468","1.5572917461395264","1.5572917461395264","1.5572917461395264"
"470","469","469","469","2.0413193702697754","2.0413193702697754","2.0413193702697754"
"471","470","470","470","1.5833333134651184","1.5833333134651184","1.5833333134651184"
"472","471","471","471","1.6780529022216797","1.6780529022216797","1.6780529022216797"
"473","472","472","472","1.4801682233810425","1.4801682233810425","1.4801682233810425"
"474","473","473","473","1.4509614706039429","1.4509614706039429","1.4509614706039429"
"475","474","474","474","1.5942261815071106","1.5942261815071106","1.5942261815071106"
"476","475","475","475","2.0974998474121094","2.0974998474121094","2.0974998474121094"
"477","476","476","476","1.9549999833106995","1.9549999833106995","1.9549999833106995"
"478","477","477","477","1.1232142746448517","1.1232142746448517","1.1232142746448517"
"479","478","478","478","1.2699118256568909","1.2699118256568909","1.2699118256568909"
"480","479","479","479","1.9359306693077087","1.9359306693077087","1.9359306693077087"
"481","480","480","480","1.5999999642372131","1.5999999642372131","1.5999999642372131"
"482","481","481","481","1.8222222328186035","1.8222222328186035","1.8222222328186035"
"483","482","482","482","1.5583833456039429","1.5583833456039429","1.5583833456039429"
"484","483","483","483","1.5958333015441895","1.5958333015441895","1.5958333015441895"
"485","484","484","484","1.4889672994613647","1.4889672994613647","1.4889672994613647"
"486","485","485","485","1.6937499046325684","1.6937499046325684","1.6937499046325684"
"487","486","486","486","1.4752336740493774","1.4752336740493774","1.4752336740493774"
"488","487","487","487","1.3700061440467834","1.3700061440467834","1.3700061440467834"
"489","488","488","488","1.5895832777023315","1.5895832777023315","1.5895832777023315"
"490","489","489","489","1.256891667842865","1.256891667842865","1.256891667842865"
"491","490","490","490","1.8437498807907104","1.8437498807907104","1.8437498807907104"
"492","491","491","491","1.4563186764717102","1.4563186764717102","1.4563186764717102"
"493","492","492","492","1.6912500262260437","1.6912500262260437","1.6912500262260437"
"494","493","493","493","1.4564068913459778","1.4564068913459778","1.4564068913459778"
"495","494","494","494","2.091666579246521","2.091666579246521","2.091666579246521"
"496","495","495","495","1.4208332896232605","1.4208332896232605","1.4208332896232605"
"497","496","496","496","1.5656578540802002","1.5656578540802002","1.5656578540802002"
"498","497","497","497","1.7554844617843628","1.7554844617843628","1.7554844617843628"
"499","498","498","498","1.535586178302765","1.535586178302765","1.535586178302765"
"500","499","499","499","1.3044756650924683","1.3044756650924683","1.3044756650924683"
"501","500","500","500","1.6989582777023315","1.6989582777023315","1.6989582777023315"
"502","501","501","501","1.6870833039283752","1.6870833039283752","1.6870833039283752"
"503","502","502","502","1.6972222328186035","1.6972222328186035","1.6972222328186035"
"504","503","503","503","1.4695512652397156","1.4695512652397156","1.4695512652397156"
"505","504","504","504","1.7194443941116333","1.7194443941116333","1.7194443941116333"
"506","505","505","505","1.733522653579712","1.733522653579712","1.733522653579712"
"507","506","506","506","1.7029017210006714","1.7029017210006714","1.7029017210006714"
"508","507","507","507","1.589062511920929","1.589062511920929","1.589062511920929"
"509","508","508","508","1.8266665935516357","1.8266665935516357","1.8266665935516357"
"510","509","509","509","1.7012499570846558","1.7012499570846558","1.7012499570846558"
"511","510","510","510","1.4677083492279053","1.4677083492279053","1.4677083492279053"
"512","511","511","511","1.5999999642372131","1.5999999642372131","1.5999999642372131"
"513","512","512","512","1.1305304765701294","1.1305304765701294","1.1305304765701294"
"514","513","513","513","1.491113007068634","1.491113007068634","1.491113007068634"
"515","514","514","514","1.5340980887413025","1.5340980887413025","1.5340980887413025"
"516","515","515","515","1.7218749523162842","1.7218749523162842","1.7218749523162842"
"517","516","516","516","1.4860714673995972","1.4860714673995972","1.4860714673995972"
"518","517","517","517","1.4346197247505188","1.4346197247505188","1.4346197247505188"
"519","518","518","518","1.4491071105003357","1.4491071105003357","1.4491071105003357"
"520","519","519","519","1.8374999165534973","1.8374999165534973","1.8374999165534973"
"521","520","520","520","1.3201388716697693","1.3201388716697693","1.3201388716697693"
"522","521","521","521","1.2089394330978394","1.2089394330978394","1.2089394330978394"
"523","522","522","522","1.5895854830741882","1.5895854830741882","1.5895854830741882"
"524","523","523","523","1.719345211982727","1.719345211982727","1.719345211982727"
"525","524","524","524","2.080729126930237","2.080729126930237","2.080729126930237"
"526","525","525","525","1.4557691812515259","1.4557691812515259","1.4557691812515259"
"527","526","526","526","1.5873008966445923","1.5873008966445923","1.5873008966445923"
"528","527","527","527","1.7068451642990112","1.7068451642990112","1.7068451642990112"
"529","528","528","528","1.5887500047683716","1.5887500047683716","1.5887500047683716"
"530","529","529","529","2.0899999141693115","2.0899999141693115","2.0899999141693115"
"531","530","530","530","1.4520832300186157","1.4520832300186157","1.4520832300186157"
"532","531","531","531","1.7202380299568176","1.7202380299568176","1.7202380299568176"
"533","532","532","532","1.5500000715255737","1.5500000715255737","1.5500000715255737"
"534","533","533","533","1.4649999737739563","1.4649999737739563","1.4649999737739563"
"535","534","534","534","1.8299999237060547","1.8299999237060547","1.8299999237060547"
"536","535","535","535","1.438149333000183","1.438149333000183","1.438149333000183"
"537","536","536","536","1.468028962612152","1.468028962612152","1.468028962612152"
"538","537","537","537","1.180416613817215","1.180416613817215","1.180416613817215"
"539","538","538","538","2.0858333110809326","2.0858333110809326","2.0858333110809326"
"540","539","539","539","1.8206923007965088","1.8206923007965088","1.8206923007965088"
"541","540","540","540","1.7779079675674438","1.7779079675674438","1.7779079675674438"
"542","541","541","541","1.5779454112052917","1.5779454112052917","1.5779454112052917"
"543","542","542","542","1.5585715174674988","1.5585715174674988","1.5585715174674988"
"544","543","543","543","1.8295453786849976","1.8295453786849976","1.8295453786849976"
"545","544","544","544","1.9749999046325684","1.9749999046325684","1.9749999046325684"
"546","545","545","545","1.5799999833106995","1.5799999833106995","1.5799999833106995"
"547","546","546","546","1.5197222232818604","1.5197222232818604","1.5197222232818604"
"548","547","547","547","2.0649999380111694","2.0649999380111694","2.0649999380111694"
"549","548","548","548","1.8853365778923035","1.8853365778923035","1.8853365778923035"
"550","549","549","549","1.9649999141693115","1.9649999141693115","1.9649999141693115"
"551","550","550","550","1.1756944060325623","1.1756944060325623","1.1756944060325623"
"552","551","551","551","1.2177083492279053","1.2177083492279053","1.2177083492279053"
"553","552","552","552","1.9604166746139526","1.9604166746139526","1.9604166746139526"
"554","553","553","553","1.178817629814148","1.178817629814148","1.178817629814148"
"555","554","554","554","1.9608332514762878","1.9608332514762878","1.9608332514762878"
"556","555","555","555","1.8458333015441895","1.8458333015441895","1.8458333015441895"
"557","556","556","556","1.962499976158142","1.962499976158142","1.962499976158142"
"558","557","557","557","1.5533332824707031","1.5533332824707031","1.5533332824707031"
"559","558","558","558","1.8299999237060547","1.8299999237060547","1.8299999237060547"
"560","559","559","559","1.8482141494750977","1.8482141494750977","1.8482141494750977"
"561","560","560","560","1.2874999642372131","1.2874999642372131","1.2874999642372131"
"562","561","561","561","1.5808333158493042","1.5808333158493042","1.5808333158493042"
"563","562","562","562","1.684062421321869","1.684062421321869","1.684062421321869"
"564","563","563","563","1.614305555820465","1.614305555820465","1.614305555820465"
"565","564","564","564","1.3179166316986084","1.3179166316986084","1.3179166316986084"
"566","565","565","565","1.8495168089866638","1.8495168089866638","1.8495168089866638"
"567","566","566","566","1.5927083492279053","1.5927083492279053","1.5927083492279053"
"568","567","567","567","1.0535714626312256","1.0535714626312256","1.0535714626312256"
"569","568","568","568","1.341447353363037","1.341447353363037","1.341447353363037"
"570","569","569","569","1.7046874165534973","1.7046874165534973","1.7046874165534973"
"571","570","570","570","1.709107220172882","1.709107220172882","1.709107220172882"
"572","571","571","571","1.2011160254478455","1.2011160254478455","1.2011160254478455"
"573","572","572","572","1.5949999690055847","1.5949999690055847","1.5949999690055847"
"574","573","573","573","1.1814903616905212","1.1814903616905212","1.1814903616905212"
"575","574","574","574","1.5802083015441895","1.5802083015441895","1.5802083015441895"
"576","575","575","575","1.2667890787124634","1.2667890787124634","1.2667890787124634"
"577","576","576","576","1.8240907788276672","1.8240907788276672","1.8240907788276672"
"578","577","577","577","1.646537721157074","1.646537721157074","1.646537721157074"
"579","578","578","578","1.6972222328186035","1.6972222328186035","1.6972222328186035"
"580","579","579","579","2.0999999046325684","2.0999999046325684","2.0999999046325684"
"581","580","580","580","1.4129379391670227","1.4129379391670227","1.4129379391670227"
"582","581","581","581","1.6761316657066345","1.6761316657066345","1.6761316657066345"
"583","582","582","582","1.7116912603378296","1.7116912603378296","1.7116912603378296"
"584","583","583","583","1.6219381093978882","1.6219381093978882","1.6219381093978882"
"585","584","584","584","1.8287498950958252","1.8287498950958252","1.8287498950958252"
"586","585","585","585","1.704444408416748","1.704444408416748","1.704444408416748"
"587","586","586","586","1.3383927941322327","1.3383927941322327","1.3383927941322327"
"588","587","587","587","1.4360525608062744","1.4360525608062744","1.4360525608062744"
"589","588","588","588","1.3422542810440063","1.3422542810440063","1.3422542810440063"
"590","589","589","589","1.7998213171958923","1.7998213171958923","1.7998213171958923"
"591","590","590","590","1.9616070985794067","1.9616070985794067","1.9616070985794067"
"592","591","591","591","1.5329545140266418","1.5329545140266418","1.5329545140266418"
"593","592","592","592","1.1914772987365723","1.1914772987365723","1.1914772987365723"
"594","593","593","593","1.5874999165534973","1.5874999165534973","1.5874999165534973"
"595","594","594","594","1.888773500919342","1.888773500919342","1.888773500919342"
"596","595","595","595","1.9718749523162842","1.9718749523162842","1.9718749523162842"
"597","596","596","596","1.3078571557998657","1.3078571557998657","1.3078571557998657"
"598","597","597","597","1.8201388716697693","1.8201388716697693","1.8201388716697693"
"599","598","598","598","1.5905606150627136","1.5905606150627136","1.5905606150627136"
"600","599","599","599","1.57988440990448","1.57988440990448","1.57988440990448"
"601","600","600","600","1.9636905193328857","1.9636905193328857","1.9636905193328857"
"602","601","601","601","1.7098384499549866","1.7098384499549866","1.7098384499549866"
"603","602","602","602","1.9607488512992859","1.9607488512992859","1.9607488512992859"
"604","603","603","603","1.5890150666236877","1.5890150666236877","1.5890150666236877"
"605","604","604","604","1.2581110000610352","1.2581110000610352","1.2581110000610352"
"606","605","605","605","1.818750023841858","1.818750023841858","1.818750023841858"
"607","606","606","606","2.0964285135269165","2.0964285135269165","2.0964285135269165"
"608","607","607","607","1.645424723625183","1.645424723625183","1.645424723625183"
"609","608","608","608","1.5518247485160828","1.5518247485160828","1.5518247485160828"
"610","609","609","609","2.001388907432556","2.001388907432556","2.001388907432556"
"611","610","610","610","1.0764881372451782","1.0764881372451782","1.0764881372451782"
"612","611","611","611","1.8499999046325684","1.8499999046325684","1.8499999046325684"
"613","612","612","612","1.2829196155071259","1.2829196155071259","1.2829196155071259"
"614","613","613","613","1.9749999046325684","1.9749999046325684","1.9749999046325684"
"615","614","614","614","1.9943750500679016","1.9943750500679016","1.9943750500679016"
"616","615","615","615","1.8353350162506104","1.8353350162506104","1.8353350162506104"
"617","616","616","616","1.7919642925262451","1.7919642925262451","1.7919642925262451"
"618","617","617","617","2.0625","2.0625","2.0625"
"619","618","618","618","1.3145833015441895","1.3145833015441895","1.3145833015441895"
"620","619","619","619","1.6033730506896973","1.6033730506896973","1.6033730506896973"
"621","620","620","620","1.6989898681640625","1.6989898681640625","1.6989898681640625"
"622","621","621","621","1.65165776014328","1.65165776014328","1.65165776014328"
"623","622","622","622","1.6983333230018616","1.6983333230018616","1.6983333230018616"
"624","623","623","623","1.8446427583694458","1.8446427583694458","1.8446427583694458"
"625","624","624","624","1.8412498831748962","1.8412498831748962","1.8412498831748962"
"626","625","625","625","1.968915343284607","1.968915343284607","1.968915343284607"
"627","626","626","626","1.462499976158142","1.462499976158142","1.462499976158142"
"628","627","627","627","1.4614583253860474","1.4614583253860474","1.4614583253860474"
"629","628","628","628","1.5906249284744263","1.5906249284744263","1.5906249284744263"
"630","629","629","629","1.5758333206176758","1.5758333206176758","1.5758333206176758"
"631","630","630","630","1.6340878009796143","1.6340878009796143","1.6340878009796143"
"632","631","631","631","1.7112499475479126","1.7112499475479126","1.7112499475479126"
"633","632","632","632","1.6138316988945007","1.6138316988945007","1.6138316988945007"
"634","633","633","633","1.9512499570846558","1.9512499570846558","1.9512499570846558"
"635","634","634","634","1.5792298316955566","1.5792298316955566","1.5792298316955566"
"636","635","635","635","1.6984374523162842","1.6984374523162842","1.6984374523162842"
"637","636","636","636","1.7248512506484985","1.7248512506484985","1.7248512506484985"
"638","637","637","637","1.8177083730697632","1.8177083730697632","1.8177083730697632"
"639","638","638","638","1.4650000929832458","1.4650000929832458","1.4650000929832458"
"640","639","639","639","1.5781249403953552","1.5781249403953552","1.5781249403953552"
"641","640","640","640","1.5945075750350952","1.5945075750350952","1.5945075750350952"
"642","641","641","641","1.709375023841858","1.709375023841858","1.709375023841858"
"643","642","642","642","1.675700843334198","1.675700843334198","1.675700843334198"
"644","643","643","643","1.4991899132728577","1.4991899132728577","1.4991899132728577"
"645","644","644","644","1.7791169881820679","1.7791169881820679","1.7791169881820679"
"646","645","645","645","1.7005952596664429","1.7005952596664429","1.7005952596664429"
"647","646","646","646","1.4383772015571594","1.4383772015571594","1.4383772015571594"
"648","647","647","647","1.9607141613960266","1.9607141613960266","1.9607141613960266"
"649","648","648","648","1.9597221612930298","1.9597221612930298","1.9597221612930298"
"650","649","649","649","1.8374999165534973","1.8374999165534973","1.8374999165534973"
"651","650","650","650","1.4604893922805786","1.4604893922805786","1.4604893922805786"
"652","651","651","651","1.416899561882019","1.416899561882019","1.416899561882019"
"653","652","652","652","2.0989582538604736","2.0989582538604736","2.0989582538604736"
"654","653","653","653","1.8537371754646301","1.8537371754646301","1.8537371754646301"
"655","654","654","654","1.6145867109298706","1.6145867109298706","1.6145867109298706"
"656","655","655","655","1.6949999928474426","1.6949999928474426","1.6949999928474426"
"657","656","656","656","1.5887930393218994","1.5887930393218994","1.5887930393218994"
"658","657","657","657","1.3378471434116364","1.3378471434116364","1.3378471434116364"
"659","658","658","658","1.0849026441574097","1.0849026441574097","1.0849026441574097"
"660","659","659","659","1.6708333492279053","1.6708333492279053","1.6708333492279053"
"661","660","660","660","1.8460937142372131","1.8460937142372131","1.8460937142372131"
"662","661","661","661","1.4438186287879944","1.4438186287879944","1.4438186287879944"
"663","662","662","662","1.8840742111206055","1.8840742111206055","1.8840742111206055"
"664","663","663","663","1.9749999046325684","1.9749999046325684","1.9749999046325684"
"665","664","664","664","2.0999999046325684","2.0999999046325684","2.0999999046325684"
"666","665","665","665","1.9571874737739563","1.9571874737739563","1.9571874737739563"
"667","666","666","666","1.6676947474479675","1.6676947474479675","1.6676947474479675"
"668","667","667","667","1.0706933438777924","1.0706933438777924","1.0706933438777924"
"669","668","668","668","1.972222089767456","1.972222089767456","1.972222089767456"
"670","669","669","669","1.0811012387275696","1.0811012387275696","1.0811012387275696"
"671","670","670","670","1.434415578842163","1.434415578842163","1.434415578842163"
"672","671","671","671","1.6702083349227905","1.6702083349227905","1.6702083349227905"
"673","672","672","672","1.4123867750167847","1.4123867750167847","1.4123867750167847"
"674","673","673","673","1.2055555582046509","1.2055555582046509","1.2055555582046509"
"675","674","674","674","1.9520833492279053","1.9520833492279053","1.9520833492279053"
"676","675","675","675","1.519412875175476","1.519412875175476","1.519412875175476"
"677","676","676","676","1.8404762744903564","1.8404762744903564","1.8404762744903564"
"678","677","677","677","1.1791443228721619","1.1791443228721619","1.1791443228721619"
"679","678","678","678","1.5586537718772888","1.5586537718772888","1.5586537718772888"
"680","679","679","679","2.049285650253296","2.049285650253296","2.049285650253296"
"681","680","680","680","1.1807823777198792","1.1807823777198792","1.1807823777198792"
"682","681","681","681","1.5172300338745117","1.5172300338745117","1.5172300338745117"
"683","682","682","682","1.7145832777023315","1.7145832777023315","1.7145832777023315"
"684","683","683","683","1.2083332538604736","1.2083332538604736","1.2083332538604736"
"685","684","684","684","1.4658594131469727","1.4658594131469727","1.4658594131469727"
"686","685","685","685","1.1759074926376343","1.1759074926376343","1.1759074926376343"
"687","686","686","686","1.4493749737739563","1.4493749737739563","1.4493749737739563"
"688","687","687","687","1.4608928561210632","1.4608928561210632","1.4608928561210632"
"689","688","688","688","1.7048611640930176","1.7048611640930176","1.7048611640930176"
"690","689","689","689","1.9857303500175476","1.9857303500175476","1.9857303500175476"
"691","690","690","690","1.1665277481079102","1.1665277481079102","1.1665277481079102"
"692","691","691","691","1.5868055820465088","1.5868055820465088","1.5868055820465088"
"693","692","692","692","1.8343749046325684","1.8343749046325684","1.8343749046325684"
"694","693","693","693","1.4207608699798584","1.4207608699798584","1.4207608699798584"
"695","694","694","694","1.845312476158142","1.845312476158142","1.845312476158142"
"696","695","695","695","1.7249999046325684","1.7249999046325684","1.7249999046325684"
"697","696","696","696","1.3697866201400757","1.3697866201400757","1.3697866201400757"
"698","697","697","697","1.964166522026062","1.964166522026062","1.964166522026062"
"699","698","698","698","1.5812499523162842","1.5812499523162842","1.5812499523162842"
"700","699","699","699","2.008742570877075","2.008742570877075","2.008742570877075"
"701","350","0","700","1.424451768398285","1.424451768398285","1.424451768398285"
"702","351","1","701","1.397508144378662","1.3241829872131348","1.4708333015441895"
"703","352","2","702","1.7093482315540314","1.5836538076400757","1.835042655467987"
"704","353","3","703","1.5212445706129074","1.3870734870433807","1.655415654182434"
"705","354","4","704","1.587499976158142","1.4614583253860474","1.7135416269302368"
"706","5","5","5","1.9387499690055847","1.9387499690055847","1.9387499690055847"
"707","6","6","6","1.5586110353469849","1.5586110353469849","1.5586110353469849"
"708","7","7","7","1.8458332419395447","1.8458332419395447","1.8458332419395447"
"709","8","8","8","1.3291666507720947","1.3291666507720947","1.3291666507720947"
"710","9","9","9","1.5631697177886963","1.5631697177886963","1.5631697177886963"
"711","10","10","10","1.8849327564239502","1.8849327564239502","1.8849327564239502"
"712","11","11","11","1.5787500143051147","1.5787500143051147","1.5787500143051147"
"713","12","12","12","1.901979684829712","1.901979684829712","1.901979684829712"
"714","13","13","13","2.0718750953674316","2.0718750953674316","2.0718750953674316"
"715","14","14","14","1.4791175723075867","1.4791175723075867","1.4791175723075867"
"716","15","15","15","1.840192198753357","1.840192198753357","1.840192198753357"
"717","16","16","16","1.9979166984558105","1.9979166984558105","1.9979166984558105"
"718","17","17","17","1.5979166626930237","1.5979166626930237","1.5979166626930237"
"719","18","18","18","1.6844444274902344","1.6844444274902344","1.6844444274902344"
"720","19","19","19","1.0691287517547607","1.0691287517547607","1.0691287517547607"
"721","20","20","20","1.9113286137580872","1.9113286137580872","1.9113286137580872"
"722","21","21","21","1.9610713720321655","1.9610713720321655","1.9610713720321655"
"723","22","22","22","1.5748562216758728","1.5748562216758728","1.5748562216758728"
"724","23","23","23","2.0833332538604736","2.0833332538604736","2.0833332538604736"
"725","24","24","24","1.939285695552826","1.939285695552826","1.939285695552826"
"726","25","25","25","1.571874976158142","1.571874976158142","1.571874976158142"
"727","26","26","26","1.697499930858612","1.697499930858612","1.697499930858612"
"728","27","27","27","1.2223968505859375","1.2223968505859375","1.2223968505859375"
"729","28","28","28","1.6637285947799683","1.6637285947799683","1.6637285947799683"
"730","29","29","29","1.4715908765792847","1.4715908765792847","1.4715908765792847"
"731","30","30","30","1.1766666173934937","1.1766666173934937","1.1766666173934937"
"732","31","31","31","1.7096153497695923","1.7096153497695923","1.7096153497695923"
"733","32","32","32","1.444082498550415","1.444082498550415","1.444082498550415"
"734","33","33","33","1.37554532289505","1.37554532289505","1.37554532289505"
"735","34","34","34","1.1816620826721191","1.1816620826721191","1.1816620826721191"
"736","35","35","35","1.996151328086853","1.996151328086853","1.996151328086853"
"737","36","36","36","1.608014702796936","1.608014702796936","1.608014702796936"
"738","37","37","37","1.5725000500679016","1.5725000500679016","1.5725000500679016"
"739","38","38","38","1.2149538397789001","1.2149538397789001","1.2149538397789001"
"740","39","39","39","1.6389687657356262","1.6389687657356262","1.6389687657356262"
"741","40","40","40","1.7149999141693115","1.7149999141693115","1.7149999141693115"
"742","41","41","41","1.5915178656578064","1.5915178656578064","1.5915178656578064"
"743","42","42","42","1.5901785492897034","1.5901785492897034","1.5901785492897034"
"744","43","43","43","1.7016666531562805","1.7016666531562805","1.7016666531562805"
"745","44","44","44","1.6890278458595276","1.6890278458595276","1.6890278458595276"
"746","45","45","45","1.978022813796997","1.978022813796997","1.978022813796997"
"747","46","46","46","1.4927579164505005","1.4927579164505005","1.4927579164505005"
"748","47","47","47","1.4323610663414001","1.4323610663414001","1.4323610663414001"
"749","48","48","48","2.074479103088379","2.074479103088379","2.074479103088379"
"750","49","49","49","1.5025463104248047","1.5025463104248047","1.5025463104248047"
"751","50","50","50","1.652916669845581","1.652916669845581","1.652916669845581"
"752","51","51","51","1.3159722685813904","1.3159722685813904","1.3159722685813904"
"753","52","52","52","1.709375023841858","1.709375023841858","1.709375023841858"
"754","53","53","53","1.5786057710647583","1.5786057710647583","1.5786057710647583"
"755","54","54","54","1.8491666913032532","1.8491666913032532","1.8491666913032532"
"756","55","55","55","1.450430989265442","1.450430989265442","1.450430989265442"
"757","56","56","56","1.744772732257843","1.744772732257843","1.744772732257843"
"758","57","57","57","1.8473683595657349","1.8473683595657349","1.8473683595657349"
"759","58","58","58","1.205219805240631","1.205219805240631","1.205219805240631"
"760","59","59","59","1.3484374284744263","1.3484374284744263","1.3484374284744263"
"761","60","60","60","2.089062452316284","2.089062452316284","2.089062452316284"
"762","61","61","61","1.5826971530914307","1.5826971530914307","1.5826971530914307"
"763","62","62","62","1.4432569742202759","1.4432569742202759","1.4432569742202759"
"764","63","63","63","1.2159466743469238","1.2159466743469238","1.2159466743469238"
"765","64","64","64","1.8458333015441895","1.8458333015441895","1.8458333015441895"
"766","65","65","65","1.8221272826194763","1.8221272826194763","1.8221272826194763"
"767","66","66","66","1.6940475106239319","1.6940475106239319","1.6940475106239319"
"768","67","67","67","1.8133041262626648","1.8133041262626648","1.8133041262626648"
"769","68","68","68","1.4153297543525696","1.4153297543525696","1.4153297543525696"
"770","69","69","69","2.0874998569488525","2.0874998569488525","2.0874998569488525"
"771","70","70","70","1.6958333253860474","1.6958333253860474","1.6958333253860474"
"772","71","71","71","1.472712755203247","1.472712755203247","1.472712755203247"
"773","72","72","72","1.8264285922050476","1.8264285922050476","1.8264285922050476"
"774","73","73","73","1.1962499618530273","1.1962499618530273","1.1962499618530273"
"775","74","74","74","1.9810128211975098","1.9810128211975098","1.9810128211975098"
"776","75","75","75","1.7599045038223267","1.7599045038223267","1.7599045038223267"
"777","76","76","76","1.3257575035095215","1.3257575035095215","1.3257575035095215"
"778","77","77","77","1.4445405006408691","1.4445405006408691","1.4445405006408691"
"779","78","78","78","1.7149999141693115","1.7149999141693115","1.7149999141693115"
"780","79","79","79","1.8368749618530273","1.8368749618530273","1.8368749618530273"
"781","80","80","80","1.2285599112510681","1.2285599112510681","1.2285599112510681"
"782","81","81","81","1.793055534362793","1.793055534362793","1.793055534362793"
"783","82","82","82","2.038333296775818","2.038333296775818","2.038333296775818"
"784","83","83","83","1.5824999809265137","1.5824999809265137","1.5824999809265137"
"785","84","84","84","1.7249999046325684","1.7249999046325684","1.7249999046325684"
"786","85","85","85","1.5741071701049805","1.5741071701049805","1.5741071701049805"
"787","86","86","86","2.097916603088379","2.097916603088379","2.097916603088379"
"788","87","87","87","1.298928439617157","1.298928439617157","1.298928439617157"
"789","88","88","88","1.3375597596168518","1.3375597596168518","1.3375597596168518"
"790","89","89","89","1.4493750929832458","1.4493750929832458","1.4493750929832458"
"791","90","90","90","1.837499976158142","1.837499976158142","1.837499976158142"
"792","91","91","91","1.6475028991699219","1.6475028991699219","1.6475028991699219"
"793","92","92","92","2.0193894505500793","2.0193894505500793","2.0193894505500793"
"794","93","93","93","1.5937500596046448","1.5937500596046448","1.5937500596046448"
"795","94","94","94","1.34375","1.34375","1.34375"
"796","95","95","95","1.8343749642372131","1.8343749642372131","1.8343749642372131"
"797","96","96","96","1.563281238079071","1.563281238079071","1.563281238079071"
"798","97","97","97","1.5843749642372131","1.5843749642372131","1.5843749642372131"
"799","98","98","98","1.703611135482788","1.703611135482788","1.703611135482788"
"800","99","99","99","1.572857141494751","1.572857141494751","1.572857141494751"
"801","100","100","100","1.9716665744781494","1.9716665744781494","1.9716665744781494"
"802","101","101","101","1.566847801208496","1.566847801208496","1.566847801208496"
"803","102","102","102","1.7190383672714233","1.7190383672714233","1.7190383672714233"
"804","103","103","103","1.7069443464279175","1.7069443464279175","1.7069443464279175"
"805","104","104","104","1.4714582562446594","1.4714582562446594","1.4714582562446594"
"806","105","105","105","1.3324999809265137","1.3324999809265137","1.3324999809265137"
"807","106","106","106","1.214911937713623","1.214911937713623","1.214911937713623"
"808","107","107","107","1.8424999713897705","1.8424999713897705","1.8424999713897705"
"809","108","108","108","1.7063889503479004","1.7063889503479004","1.7063889503479004"
"810","109","109","109","1.712499976158142","1.712499976158142","1.712499976158142"
"811","110","110","110","1.47847980260849","1.47847980260849","1.47847980260849"
"812","111","111","111","1.5834821462631226","1.5834821462631226","1.5834821462631226"
"813","112","112","112","1.3230769634246826","1.3230769634246826","1.3230769634246826"
"814","113","113","113","1.8208613395690918","1.8208613395690918","1.8208613395690918"
"815","114","114","114","1.7768301367759705","1.7768301367759705","1.7768301367759705"
"816","115","115","115","1.556249976158142","1.556249976158142","1.556249976158142"
"817","116","116","116","1.56325763463974","1.56325763463974","1.56325763463974"
"818","117","117","117","2.081249952316284","2.081249952316284","2.081249952316284"
"819","118","118","118","1.2967500686645508","1.2967500686645508","1.2967500686645508"
"820","119","119","119","1.7239582538604736","1.7239582538604736","1.7239582538604736"
"821","120","120","120","1.5745535492897034","1.5745535492897034","1.5745535492897034"
"822","121","121","121","1.6343308091163635","1.6343308091163635","1.6343308091163635"
"823","122","122","122","1.8392857313156128","1.8392857313156128","1.8392857313156128"
"824","123","123","123","2.0999999046325684","2.0999999046325684","2.0999999046325684"
"825","124","124","124","2.0924999713897705","2.0924999713897705","2.0924999713897705"
"826","125","125","125","1.5812499523162842","1.5812499523162842","1.5812499523162842"
"827","126","126","126","2.0893750190734863","2.0893750190734863","2.0893750190734863"
"828","127","127","127","1.464495837688446","1.464495837688446","1.464495837688446"
"829","128","128","128","1.7215908765792847","1.7215908765792847","1.7215908765792847"
"830","129","129","129","1.1341283321380615","1.1341283321380615","1.1341283321380615"
"831","130","130","130","2.096874952316284","2.096874952316284","2.096874952316284"
"832","131","131","131","1.6680497527122498","1.6680497527122498","1.6680497527122498"
"833","132","132","132","1.8132141828536987","1.8132141828536987","1.8132141828536987"
"834","133","133","133","1.5604031085968018","1.5604031085968018","1.5604031085968018"
"835","134","134","134","1.9410978555679321","1.9410978555679321","1.9410978555679321"
"836","135","135","135","1.972916603088379","1.972916603088379","1.972916603088379"
"837","136","136","136","1.82833331823349","1.82833331823349","1.82833331823349"
"838","137","137","137","1.3329545259475708","1.3329545259475708","1.3329545259475708"
"839","138","138","138","1.9624999165534973","1.9624999165534973","1.9624999165534973"
"840","139","139","139","1.457847774028778","1.457847774028778","1.457847774028778"
"841","140","140","140","1.9437499046325684","1.9437499046325684","1.9437499046325684"
"842","141","141","141","1.452450931072235","1.452450931072235","1.452450931072235"
"843","142","142","142","1.6363838911056519","1.6363838911056519","1.6363838911056519"
"844","143","143","143","1.868749976158142","1.868749976158142","1.868749976158142"
"845","144","144","144","0.9497222304344177","0.9497222304344177","0.9497222304344177"
"846","145","145","145","1.4500816464424133","1.4500816464424133","1.4500816464424133"
"847","146","146","146","1.3515671491622925","1.3515671491622925","1.3515671491622925"
"848","147","147","147","1.7015624046325684","1.7015624046325684","1.7015624046325684"
"849","148","148","148","1.9131249785423279","1.9131249785423279","1.9131249785423279"
"850","149","149","149","1.8223344087600708","1.8223344087600708","1.8223344087600708"
"851","150","150","150","1.8349998593330383","1.8349998593330383","1.8349998593330383"
"852","151","151","151","2.0718748569488525","2.0718748569488525","2.0718748569488525"
"853","152","152","152","1.3428319692611694","1.3428319692611694","1.3428319692611694"
"854","153","153","153","1.9541666507720947","1.9541666507720947","1.9541666507720947"
"855","154","154","154","1.4708333015441895","1.4708333015441895","1.4708333015441895"
"856","155","155","155","1.5239583253860474","1.5239583253860474","1.5239583253860474"
"857","156","156","156","1.5720394253730774","1.5720394253730774","1.5720394253730774"
"858","157","157","157","1.8039062023162842","1.8039062023162842","1.8039062023162842"
"859","158","158","158","1.4355159401893616","1.4355159401893616","1.4355159401893616"
"860","159","159","159","1.5982142090797424","1.5982142090797424","1.5982142090797424"
"861","160","160","160","1.8386362791061401","1.8386362791061401","1.8386362791061401"
"862","161","161","161","1.8312499523162842","1.8312499523162842","1.8312499523162842"
"863","162","162","162","1.4544286727905273","1.4544286727905273","1.4544286727905273"
"864","163","163","163","1.5448529720306396","1.5448529720306396","1.5448529720306396"
"865","164","164","164","1.4577082991600037","1.4577082991600037","1.4577082991600037"
"866","165","165","165","1.5847454071044922","1.5847454071044922","1.5847454071044922"
"867","166","166","166","2.0999999046325684","2.0999999046325684","2.0999999046325684"
"868","167","167","167","1.5857142210006714","1.5857142210006714","1.5857142210006714"
"869","168","168","168","2.0770833492279053","2.0770833492279053","2.0770833492279053"
"870","169","169","169","1.2089869976043701","1.2089869976043701","1.2089869976043701"
"871","170","170","170","1.9624999165534973","1.9624999165534973","1.9624999165534973"
"872","171","171","171","1.6013686656951904","1.6013686656951904","1.6013686656951904"
"873","172","172","172","1.6929166316986084","1.6929166316986084","1.6929166316986084"
"874","173","173","173","1.837499976158142","1.837499976158142","1.837499976158142"
"875","174","174","174","1.574062466621399","1.574062466621399","1.574062466621399"
"876","175","175","175","1.754166603088379","1.754166603088379","1.754166603088379"
"877","176","176","176","1.8038194179534912","1.8038194179534912","1.8038194179534912"
"878","177","177","177","1.8458332419395447","1.8458332419395447","1.8458332419395447"
"879","178","178","178","1.8311697840690613","1.8311697840690613","1.8311697840690613"
"880","179","179","179","1.5238561630249023","1.5238561630249023","1.5238561630249023"
"881","180","180","180","1.1974999904632568","1.1974999904632568","1.1974999904632568"
"882","181","181","181","1.847222089767456","1.847222089767456","1.847222089767456"
"883","182","182","182","1.9600961208343506","1.9600961208343506","1.9600961208343506"
"884","183","183","183","1.845312476158142","1.845312476158142","1.845312476158142"
"885","184","184","184","1.4576667547225952","1.4576667547225952","1.4576667547225952"
"886","185","185","185","1.4623809456825256","1.4623809456825256","1.4623809456825256"
"887","186","186","186","2.0923075675964355","2.0923075675964355","2.0923075675964355"
"888","187","187","187","1.5999999642372131","1.5999999642372131","1.5999999642372131"
"889","188","188","188","1.7039583921432495","1.7039583921432495","1.7039583921432495"
"890","189","189","189","1.3114473223686218","1.3114473223686218","1.3114473223686218"
"891","190","190","190","1.4612499475479126","1.4612499475479126","1.4612499475479126"
"892","191","191","191","1.38350111246109","1.38350111246109","1.38350111246109"
"893","192","192","192","1.5837499499320984","1.5837499499320984","1.5837499499320984"
"894","193","193","193","1.7760416865348816","1.7760416865348816","1.7760416865348816"
"895","194","194","194","1.6646445989608765","1.6646445989608765","1.6646445989608765"
"896","195","195","195","1.5699999928474426","1.5699999928474426","1.5699999928474426"
"897","196","196","196","1.5704041719436646","1.5704041719436646","1.5704041719436646"
"898","197","197","197","1.8458333015441895","1.8458333015441895","1.8458333015441895"
"899","198","198","198","1.9583333730697632","1.9583333730697632","1.9583333730697632"
"900","199","199","199","1.9511904120445251","1.9511904120445251","1.9511904120445251"
"901","200","200","200","1.383035659790039","1.383035659790039","1.383035659790039"
"902","201","201","201","1.7537121772766113","1.7537121772766113","1.7537121772766113"
"903","202","202","202","1.4339020252227783","1.4339020252227783","1.4339020252227783"
"904","203","203","203","1.965624988079071","1.965624988079071","1.965624988079071"
"905","204","204","204","1.7794047594070435","1.7794047594070435","1.7794047594070435"
"906","205","205","205","1.7110713720321655","1.7110713720321655","1.7110713720321655"
"907","206","206","206","1.7416666150093079","1.7416666150093079","1.7416666150093079"
"908","207","207","207","1.4493420720100403","1.4493420720100403","1.4493420720100403"
"909","208","208","208","1.5256249904632568","1.5256249904632568","1.5256249904632568"
"910","209","209","209","1.59416663646698","1.59416663646698","1.59416663646698"
"911","210","210","210","2.075624942779541","2.075624942779541","2.075624942779541"
"912","211","211","211","1.8315972089767456","1.8315972089767456","1.8315972089767456"
"913","212","212","212","1.843638300895691","1.843638300895691","1.843638300895691"
"914","213","213","213","1.5459065437316895","1.5459065437316895","1.5459065437316895"
"915","214","214","214","1.6716428995132446","1.6716428995132446","1.6716428995132446"
"916","215","215","215","1.4137271642684937","1.4137271642684937","1.4137271642684937"
"917","216","216","216","1.9749999046325684","1.9749999046325684","1.9749999046325684"
"918","217","217","217","1.1059896349906921","1.1059896349906921","1.1059896349906921"
"919","218","218","218","1.914123296737671","1.914123296737671","1.914123296737671"
"920","219","219","219","1.6970833539962769","1.6970833539962769","1.6970833539962769"
"921","220","220","220","1.186201274394989","1.186201274394989","1.186201274394989"
"922","221","221","221","1.9120394587516785","1.9120394587516785","1.9120394587516785"
"923","222","222","222","2.079861044883728","2.079861044883728","2.079861044883728"
"924","223","223","223","1.8245200514793396","1.8245200514793396","1.8245200514793396"
"925","224","224","224","2.090625047683716","2.090625047683716","2.090625047683716"
"926","225","225","225","1.4611111879348755","1.4611111879348755","1.4611111879348755"
"927","226","226","226","1.094642847776413","1.094642847776413","1.094642847776413"
"928","227","227","227","1.9456250667572021","1.9456250667572021","1.9456250667572021"
"929","228","228","228","1.543859601020813","1.543859601020813","1.543859601020813"
"930","229","229","229","1.7119792103767395","1.7119792103767395","1.7119792103767395"
"931","230","230","230","1.7097221612930298","1.7097221612930298","1.7097221612930298"
"932","231","231","231","1.6868280172348022","1.6868280172348022","1.6868280172348022"
"933","232","232","232","1.6165853142738342","1.6165853142738342","1.6165853142738342"
"934","233","233","233","1.458055555820465","1.458055555820465","1.458055555820465"
"935","234","234","234","1.3355844020843506","1.3355844020843506","1.3355844020843506"
"936","235","235","235","1.945907711982727","1.945907711982727","1.945907711982727"
"937","236","236","236","1.3194375038146973","1.3194375038146973","1.3194375038146973"
"938","237","237","237","2.085416555404663","2.085416555404663","2.085416555404663"
"939","238","238","238","2.0999999046325684","2.0999999046325684","2.0999999046325684"
"940","239","239","239","2.0119475722312927","2.0119475722312927","2.0119475722312927"
"941","240","240","240","1.4464285373687744","1.4464285373687744","1.4464285373687744"
"942","241","241","241","1.712499976158142","1.712499976158142","1.712499976158142"
"943","242","242","242","2.0803571939468384","2.0803571939468384","2.0803571939468384"
"944","243","243","243","1.3721054792404175","1.3721054792404175","1.3721054792404175"
"945","244","244","244","1.6867122054100037","1.6867122054100037","1.6867122054100037"
"946","245","245","245","1.433967411518097","1.433967411518097","1.433967411518097"
"947","246","246","246","1.7820899486541748","1.7820899486541748","1.7820899486541748"
"948","247","247","247","1.9624999165534973","1.9624999165534973","1.9624999165534973"
"949","248","248","248","1.5638889074325562","1.5638889074325562","1.5638889074325562"
"950","249","249","249","1.6885416507720947","1.6885416507720947","1.6885416507720947"
"951","250","250","250","1.4597221612930298","1.4597221612930298","1.4597221612930298"
"952","251","251","251","1.7227271795272827","1.7227271795272827","1.7227271795272827"
"953","252","252","252","1.6907236576080322","1.6907236576080322","1.6907236576080322"
"954","253","253","253","1.9718749523162842","1.9718749523162842","1.9718749523162842"
"955","254","254","254","1.1696428060531616","1.1696428060531616","1.1696428060531616"
"956","255","255","255","1.966666579246521","1.966666579246521","1.966666579246521"
"957","256","256","256","1.308918297290802","1.308918297290802","1.308918297290802"
"958","257","257","257","1.7407967448234558","1.7407967448234558","1.7407967448234558"
"959","258","258","258","1.5870832800865173","1.5870832800865173","1.5870832800865173"
"960","259","259","259","1.8424999117851257","1.8424999117851257","1.8424999117851257"
"961","260","260","260","1.3248512148857117","1.3248512148857117","1.3248512148857117"
"962","261","261","261","1.7027778029441833","1.7027778029441833","1.7027778029441833"
"963","262","262","262","1.9175407886505127","1.9175407886505127","1.9175407886505127"
"964","263","263","263","2.0833332538604736","2.0833332538604736","2.0833332538604736"
"965","264","264","264","1.4419568181037903","1.4419568181037903","1.4419568181037903"
"966","265","265","265","1.9696428179740906","1.9696428179740906","1.9696428179740906"
"967","266","266","266","1.4759085774421692","1.4759085774421692","1.4759085774421692"
"968","267","267","267","1.5375534296035767","1.5375534296035767","1.5375534296035767"
"969","268","268","268","1.8354166746139526","1.8354166746139526","1.8354166746139526"
"970","269","269","269","1.8428571224212646","1.8428571224212646","1.8428571224212646"
"971","270","270","270","1.9270610809326172","1.9270610809326172","1.9270610809326172"
"972","271","271","271","1.5825001001358032","1.5825001001358032","1.5825001001358032"
"973","272","272","272","1.8427083492279053","1.8427083492279053","1.8427083492279053"
"974","273","273","273","1.4521852731704712","1.4521852731704712","1.4521852731704712"
"975","274","274","274","1.9410714507102966","1.9410714507102966","1.9410714507102966"
"976","275","275","275","1.9450891613960266","1.9450891613960266","1.9450891613960266"
"977","276","276","276","0.9731435775756836","0.9731435775756836","0.9731435775756836"
"978","277","277","277","2.0958333015441895","2.0958333015441895","2.0958333015441895"
"979","278","278","278","1.6990384459495544","1.6990384459495544","1.6990384459495544"
"980","279","279","279","1.6805166006088257","1.6805166006088257","1.6805166006088257"
"981","280","280","280","2.0999999046325684","2.0999999046325684","2.0999999046325684"
"982","281","281","281","1.5166666507720947","1.5166666507720947","1.5166666507720947"
"983","282","282","282","1.600251317024231","1.600251317024231","1.600251317024231"
"984","283","283","283","1.1874999403953552","1.1874999403953552","1.1874999403953552"
"985","284","284","284","0.937543123960495","0.937543123960495","0.937543123960495"
"986","285","285","285","1.5975168943405151","1.5975168943405151","1.5975168943405151"
"987","286","286","286","1.5862499475479126","1.5862499475479126","1.5862499475479126"
"988","287","287","287","1.8125","1.8125","1.8125"
"989","288","288","288","2.0105769634246826","2.0105769634246826","2.0105769634246826"
"990","289","289","289","1.3730562925338745","1.3730562925338745","1.3730562925338745"
"991","290","290","290","1.8976190090179443","1.8976190090179443","1.8976190090179443"
"992","291","291","291","1.3441666960716248","1.3441666960716248","1.3441666960716248"
"993","292","292","292","1.893875002861023","1.893875002861023","1.893875002861023"
"994","293","293","293","1.841666579246521","1.841666579246521","1.841666579246521"
"995","294","294","294","2.0922619104385376","2.0922619104385376","2.0922619104385376"
"996","295","295","295","1.3260416984558105","1.3260416984558105","1.3260416984558105"
"997","296","296","296","1.6708720326423645","1.6708720326423645","1.6708720326423645"
"998","297","297","297","2.0999999046325684","2.0999999046325684","2.0999999046325684"
"999","298","298","298","1.470561444759369","1.470561444759369","1.470561444759369"
"1000","299","299","299","1.4600962400436401","1.4600962400436401","1.4600962400436401"
"1001","300","300","300","1.9600000381469727","1.9600000381469727","1.9600000381469727"
"1002","301","301","301","1.5600290298461914","1.5600290298461914","1.5600290298461914"
"1003","302","302","302","1.665624976158142","1.665624976158142","1.665624976158142"
"1004","303","303","303","1.5710713267326355","1.5710713267326355","1.5710713267326355"
"1005","304","304","304","2.0255870819091797","2.0255870819091797","2.0255870819091797"
"1006","305","305","305","1.3427083492279053","1.3427083492279053","1.3427083492279053"
"1007","306","306","306","2.0839062929153442","2.0839062929153442","2.0839062929153442"
"1008","307","307","307","1.7109375","1.7109375","1.7109375"
"1009","308","308","308","2.0874998569488525","2.0874998569488525","2.0874998569488525"
"1010","309","309","309","1.4187499284744263","1.4187499284744263","1.4187499284744263"
"1011","310","310","310","1.9958332777023315","1.9958332777023315","1.9958332777023315"
"1012","311","311","311","1.947115421295166","1.947115421295166","1.947115421295166"
"1013","312","312","312","2.091964364051819","2.091964364051819","2.091964364051819"
"1014","313","313","313","1.701562523841858","1.701562523841858","1.701562523841858"
"1015","314","314","314","1.2504006624221802","1.2504006624221802","1.2504006624221802"
"1016","315","315","315","1.7239011526107788","1.7239011526107788","1.7239011526107788"
"1017","316","316","316","2.077083468437195","2.077083468437195","2.077083468437195"
"1018","317","317","317","1.5899999141693115","1.5899999141693115","1.5899999141693115"
"1019","318","318","318","1.5484389066696167","1.5484389066696167","1.5484389066696167"
"1020","319","319","319","1.9718749523162842","1.9718749523162842","1.9718749523162842"
"1021","320","320","320","1.0877557396888733","1.0877557396888733","1.0877557396888733"
"1022","321","321","321","1.705555498600006","1.705555498600006","1.705555498600006"
"1023","322","322","322","1.4031352400779724","1.4031352400779724","1.4031352400779724"
"1024","323","323","323","1.9637500047683716","1.9637500047683716","1.9637500047683716"
"1025","324","324","324","1.7125000953674316","1.7125000953674316","1.7125000953674316"
"1026","325","325","325","1.716071367263794","1.716071367263794","1.716071367263794"
"1027","326","326","326","1.5778570771217346","1.5778570771217346","1.5778570771217346"
"1028","327","327","327","1.5795832872390747","1.5795832872390747","1.5795832872390747"
"1029","328","328","328","1.5749999284744263","1.5749999284744263","1.5749999284744263"
"1030","329","329","329","1.4201960563659668","1.4201960563659668","1.4201960563659668"
"1031","330","330","330","1.8845627307891846","1.8845627307891846","1.8845627307891846"
"1032","331","331","331","1.9583332538604736","1.9583332538604736","1.9583332538604736"
"1033","332","332","332","1.7018749713897705","1.7018749713897705","1.7018749713897705"
"1034","333","333","333","1.3289088010787964","1.3289088010787964","1.3289088010787964"
"1035","334","334","334","1.3477507829666138","1.3477507829666138","1.3477507829666138"
"1036","335","335","335","1.4671875834465027","1.4671875834465027","1.4671875834465027"
"1037","336","336","336","1.4587693214416504","1.4587693214416504","1.4587693214416504"
"1038","337","337","337","1.843863606452942","1.843863606452942","1.843863606452942"
"1039","338","338","338","1.7177082896232605","1.7177082896232605","1.7177082896232605"
"1040","339","339","339","1.8374999165534973","1.8374999165534973","1.8374999165534973"
"1041","340","340","340","1.4598958492279053","1.4598958492279053","1.4598958492279053"
"1042","341","341","341","1.1815163493156433","1.1815163493156433","1.1815163493156433"
"1043","342","342","342","1.587847113609314","1.587847113609314","1.587847113609314"
"1044","343","343","343","1.3143444657325745","1.3143444657325745","1.3143444657325745"
"1045","344","344","344","1.6458974480628967","1.6458974480628967","1.6458974480628967"
"1046","345","345","345","1.5953075289726257","1.5953075289726257","1.5953075289726257"
"1047","346","346","346","1.5749999284744263","1.5749999284744263","1.5749999284744263"
"1048","347","347","347","1.7066175937652588","1.7066175937652588","1.7066175937652588"
"1049","348","348","348","1.8219118118286133","1.8219118118286133","1.8219118118286133"
"1050","349","349","349","1.5666667222976685","1.5666667222976685","1.5666667222976685"
"1051","175","0","350","1.337499976158142","1.337499976158142","1.337499976158142"
"1052","176","1","351","1.9514385163784027","1.8249008059501648","2.0779762268066406"
"1053","177","2","352","1.5135416388511658","1.4508333206176758","1.5762499570846558"
"1054","178","3","353","2.028749942779541","1.9674999713897705","2.0899999141693115"
"1055","4","4","4","1.5808823108673096","1.5808823108673096","1.5808823108673096"
"1056","5","5","5","1.7171874642372131","1.7171874642372131","1.7171874642372131"
"1057","6","6","6","1.7916666269302368","1.7916666269302368","1.7916666269302368"
"1058","7","7","7","1.4618975520133972","1.4618975520133972","1.4618975520133972"
"1059","8","8","8","1.7045832872390747","1.7045832872390747","1.7045832872390747"
"1060","9","9","9","1.5954545140266418","1.5954545140266418","1.5954545140266418"
"1061","10","10","10","1.4420192241668701","1.4420192241668701","1.4420192241668701"
"1062","11","11","11","1.5194791555404663","1.5194791555404663","1.5194791555404663"
"1063","12","12","12","1.7026041150093079","1.7026041150093079","1.7026041150093079"
"1064","13","13","13","1.0916666388511658","1.0916666388511658","1.0916666388511658"
"1065","14","14","14","1.0900083184242249","1.0900083184242249","1.0900083184242249"
"1066","15","15","15","2.094722032546997","2.094722032546997","2.094722032546997"
"1067","16","16","16","1.5527678728103638","1.5527678728103638","1.5527678728103638"
"1068","17","17","17","1.7214285135269165","1.7214285135269165","1.7214285135269165"
"1069","18","18","18","1.9649999141693115","1.9649999141693115","1.9649999141693115"
"1070","19","19","19","1.8231249451637268","1.8231249451637268","1.8231249451637268"
"1071","20","20","20","1.3283332586288452","1.3283332586288452","1.3283332586288452"
"1072","21","21","21","1.9662500023841858","1.9662500023841858","1.9662500023841858"
"1073","22","22","22","1.3339285850524902","1.3339285850524902","1.3339285850524902"
"1074","23","23","23","2.0188888907432556","2.0188888907432556","2.0188888907432556"
"1075","24","24","24","1.636532723903656","1.636532723903656","1.636532723903656"
"1076","25","25","25","1.7124999165534973","1.7124999165534973","1.7124999165534973"
"1077","26","26","26","1.4583333134651184","1.4583333134651184","1.4583333134651184"
"1078","27","27","27","2.096874952316284","2.096874952316284","2.096874952316284"
"1079","28","28","28","1.8303570747375488","1.8303570747375488","1.8303570747375488"
"1080","29","29","29","1.9379063844680786","1.9379063844680786","1.9379063844680786"
"1081","30","30","30","1.8462499976158142","1.8462499976158142","1.8462499976158142"
"1082","31","31","31","1.6915385127067566","1.6915385127067566","1.6915385127067566"
"1083","32","32","32","1.5760713815689087","1.5760713815689087","1.5760713815689087"
"1084","33","33","33","1.712499976158142","1.712499976158142","1.712499976158142"
"1085","34","34","34","1.7659131288528442","1.7659131288528442","1.7659131288528442"
"1086","35","35","35","1.0791071653366089","1.0791071653366089","1.0791071653366089"
"1087","36","36","36","1.965833306312561","1.965833306312561","1.965833306312561"
"1088","37","37","37","2.096874952316284","2.096874952316284","2.096874952316284"
"1089","38","38","38","1.6404736042022705","1.6404736042022705","1.6404736042022705"
"1090","39","39","39","1.826041579246521","1.826041579246521","1.826041579246521"
"1091","40","40","40","1.847916603088379","1.847916603088379","1.847916603088379"
"1092","41","41","41","1.7227271795272827","1.7227271795272827","1.7227271795272827"
"1093","42","42","42","1.5127910375595093","1.5127910375595093","1.5127910375595093"
"1094","43","43","43","1.9075578451156616","1.9075578451156616","1.9075578451156616"
"1095","44","44","44","1.3249999284744263","1.3249999284744263","1.3249999284744263"
"1096","45","45","45","2.0906249284744263","2.0906249284744263","2.0906249284744263"
"1097","46","46","46","1.5904725790023804","1.5904725790023804","1.5904725790023804"
"1098","47","47","47","1.6061029434204102","1.6061029434204102","1.6061029434204102"
"1099","48","48","48","1.3330357074737549","1.3330357074737549","1.3330357074737549"
"1100","49","49","49","1.9517855644226074","1.9517855644226074","1.9517855644226074"
"1101","50","50","50","1.6310598850250244","1.6310598850250244","1.6310598850250244"
"1102","51","51","51","1.3149999976158142","1.3149999976158142","1.3149999976158142"
"1103","52","52","52","1.5876784920692444","1.5876784920692444","1.5876784920692444"
"1104","53","53","53","1.5852273106575012","1.5852273106575012","1.5852273106575012"
"1105","54","54","54","1.4741782546043396","1.4741782546043396","1.4741782546043396"
"1106","55","55","55","1.5576555132865906","1.5576555132865906","1.5576555132865906"
"1107","56","56","56","1.8447916507720947","1.8447916507720947","1.8447916507720947"
"1108","57","57","57","1.7208333015441895","1.7208333015441895","1.7208333015441895"
"1109","58","58","58","1.5671874284744263","1.5671874284744263","1.5671874284744263"
"1110","59","59","59","1.8399999737739563","1.8399999737739563","1.8399999737739563"
"1111","60","60","60","1.5706249475479126","1.5706249475479126","1.5706249475479126"
"1112","61","61","61","1.839583396911621","1.839583396911621","1.839583396911621"
"1113","62","62","62","1.9749999046325684","1.9749999046325684","1.9749999046325684"
"1114","63","63","63","1.9630554914474487","1.9630554914474487","1.9630554914474487"
"1115","64","64","64","1.9695832133293152","1.9695832133293152","1.9695832133293152"
"1116","65","65","65","1.7062499523162842","1.7062499523162842","1.7062499523162842"
"1117","66","66","66","1.035683810710907","1.035683810710907","1.035683810710907"
"1118","67","67","67","1.8223214745521545","1.8223214745521545","1.8223214745521545"
"1119","68","68","68","1.1469205021858215","1.1469205021858215","1.1469205021858215"
"1120","69","69","69","1.841666579246521","1.841666579246521","1.841666579246521"
"1121","70","70","70","1.5613918900489807","1.5613918900489807","1.5613918900489807"
"1122","71","71","71","1.832499921321869","1.832499921321869","1.832499921321869"
"1123","72","72","72","1.3293055891990662","1.3293055891990662","1.3293055891990662"
"1124","73","73","73","1.199999988079071","1.199999988079071","1.199999988079071"
"1125","74","74","74","1.4596152901649475","1.4596152901649475","1.4596152901649475"
"1126","75","75","75","1.9552631378173828","1.9552631378173828","1.9552631378173828"
"1127","76","76","76","1.7313917875289917","1.7313917875289917","1.7313917875289917"
"1128","77","77","77","1.6989903450012207","1.6989903450012207","1.6989903450012207"
"1129","78","78","78","1.5828124284744263","1.5828124284744263","1.5828124284744263"
"1130","79","79","79","1.5721428394317627","1.5721428394317627","1.5721428394317627"
"1131","80","80","80","1.9662500023841858","1.9662500023841858","1.9662500023841858"
"1132","81","81","81","1.7124998569488525","1.7124998569488525","1.7124998569488525"
"1133","82","82","82","1.1766369342803955","1.1766369342803955","1.1766369342803955"
"1134","83","83","83","1.5738635659217834","1.5738635659217834","1.5738635659217834"
"1135","84","84","84","1.8269736766815186","1.8269736766815186","1.8269736766815186"
"1136","85","85","85","1.5841666460037231","1.5841666460037231","1.5841666460037231"
"1137","86","86","86","1.6838996410369873","1.6838996410369873","1.6838996410369873"
"1138","87","87","87","1.574342131614685","1.574342131614685","1.574342131614685"
"1139","88","88","88","1.5803570747375488","1.5803570747375488","1.5803570747375488"
"1140","89","89","89","1.3531907796859741","1.3531907796859741","1.3531907796859741"
"1141","90","90","90","1.4183610677719116","1.4183610677719116","1.4183610677719116"
"1142","91","91","91","1.597048580646515","1.597048580646515","1.597048580646515"
"1143","92","92","92","1.187408685684204","1.187408685684204","1.187408685684204"
"1144","93","93","93","1.5708333253860474","1.5708333253860474","1.5708333253860474"
"1145","94","94","94","1.5947221517562866","1.5947221517562866","1.5947221517562866"
"1146","95","95","95","1.5146657228469849","1.5146657228469849","1.5146657228469849"
"1147","96","96","96","1.8427083492279053","1.8427083492279053","1.8427083492279053"
"1148","97","97","97","1.3033742904663086","1.3033742904663086","1.3033742904663086"
"1149","98","98","98","1.8308331966400146","1.8308331966400146","1.8308331966400146"
"1150","99","99","99","1.1920056343078613","1.1920056343078613","1.1920056343078613"
"1151","100","100","100","1.0742857456207275","1.0742857456207275","1.0742857456207275"
"1152","101","101","101","1.80345219373703","1.80345219373703","1.80345219373703"
"1153","102","102","102","1.9718749523162842","1.9718749523162842","1.9718749523162842"
"1154","103","103","103","1.9965723752975464","1.9965723752975464","1.9965723752975464"
"1155","104","104","104","1.7723585963249207","1.7723585963249207","1.7723585963249207"
"1156","105","105","105","1.7542948722839355","1.7542948722839355","1.7542948722839355"
"1157","106","106","106","2.056597113609314","2.056597113609314","2.056597113609314"
"1158","107","107","107","1.7377849817276","1.7377849817276","1.7377849817276"
"1159","108","108","108","1.5891666412353516","1.5891666412353516","1.5891666412353516"
"1160","109","109","109","1.3176282048225403","1.3176282048225403","1.3176282048225403"
"1161","110","110","110","1.5617444515228271","1.5617444515228271","1.5617444515228271"
"1162","111","111","111","1.574880838394165","1.574880838394165","1.574880838394165"
"1163","112","112","112","1.7048611640930176","1.7048611640930176","1.7048611640930176"
"1164","113","113","113","1.7645065784454346","1.7645065784454346","1.7645065784454346"
"1165","114","114","114","1.7141826748847961","1.7141826748847961","1.7141826748847961"
"1166","115","115","115","1.4422433376312256","1.4422433376312256","1.4422433376312256"